reviewId,userName,userImage,content,score,thumbsUpCount,reviewCreatedVersion,at,replyContent,repliedAt,appVersion
ad4800e6-cf89-4985-ae57-b630fdf19c8a,SH Choi,https://play-lh.googleusercontent.com/a/ACg8ocLKAMid78ZUsAay1U4dP8wePwtkmzXpBrFLW1ZLp67TgTSD2Q=mo,잘쓰고 있었는데 업데이트가 되었는지 메모버전이 불안정합니다. 메모가 누른칸 색깔이 왔다갔다해요..ㅠㅠ 메모버전에서는 남아있는 개수 안뜨는것도 불편해요ㅠ,4,0,,2025-12-01 13:00:48,"(구글 번역)

안녕하세요!

저희 앱을 이용해 주시고 문의해 주셔서 감사합니다!

메모 기능이 변경되었습니다. 메모 옵션을 활성화하면 1~9 버튼의 색상이 회색으로 바뀌어 메모 기능이 활성화되었음을 더욱 명확하게 나타냅니다. 메모 기능이 활성화된 상태에서도 버튼 색상을 유지하시겠습니까?
앱이 불안정하다는 점에 대해 좀 더 자세히 알려주시면 감사하겠습니다. 현재 저희 쪽에서 조사 중입니다.
저희에게 연락하는 가장 좋은 방법은sudoku@digitalchemy.us입니다.

안녕하세요,나디아​",2025-12-01 20:20:27,
d7d6f4be-ebd0-4c88-998a-8b3fc3f9384f,홍군,https://play-lh.googleusercontent.com/a/ACg8ocKbm_rG-G752yE2U1bQ679tgQncsAVKhi4LC_uhht8GSjaazRg=mo,업뎃그지같음,1,0,2.11.0,2025-11-30 20:35:34,"(구글 번역)

안녕하세요!

저희 앱을 사용해 주시고, 문제점을 보고해 주셔서 감사합니다!
9x9 보드에 숫자를 추가할 때 지연이 발생하는 문제를 인지하고 있으며, 현재 해결을 위해 노력하고 있습니다. 업데이트 작업 중에는 설정에서 '메모 자동 삭제' 옵션을 비활성화하면 임시방편으로 이 문제가 해결될 것입니다.
다른 변경 사항에 대한 피드백이 있으시면 여기나 sudoku@digitalchemy.us로 알려주시기 바랍니다.

안녕하세요,나디아​",2025-12-01 23:22:11,2.11.0
90571f62-e58c-453e-96d3-6277d7efdd30,Myst,https://play-lh.googleusercontent.com/a-/ALV-UjXLvTVVGGTxHHhvNybpplcFo2mkaioKEvzOVAj8FJVUbPDBmDsa,해본 스도쿠 중에서 그나마 광고가 제일 적었습니다.,5,0,2.10.0,2025-11-29 19:24:58,,,2.10.0
22210f73-7c79-48c0-abfa-1337292bd4ef,송귀남,https://play-lh.googleusercontent.com/a/ACg8ocJHoZNN34Zyq0EbaXYfr0-xHANKIa2COqI7TpYqrfU7jUwnWw=mo,광고가없어서 좋아요,5,0,2.10.0,2025-11-24 00:27:44,,,2.10.0
06aaf5b0-72b1-4a5b-af1e-77cf9aa90e54,이민규,https://play-lh.googleusercontent.com/a/ACg8ocKLgtPJml-tGvO3tQ8H0599klRsvFRXPagx6EdT7vLOfiT-gw=mo,재미지고 눈에 쏙 들어오네요 ^^,5,0,2.10.0,2025-11-07 20:47:53,,,2.10.0
0c63daef-9f37-4ca2-9b14-65626ae811f6,Google 사용자,https://play-lh.googleusercontent.com/EGemoI2NTXmTsBVtJqk8jxF9rh8ApRWfsIMQSt2uE4OcpQqbFu7f7NbTK05lx80nuSijCz7sc3a277R67g,좋아요,5,0,2.10.0,2025-11-05 19:27:23,,,2.10.0
82c106da-0d20-44e8-801f-77669a3f8ec6,카밈,https://play-lh.googleusercontent.com/a/ACg8ocLpfY49n9_zIcRL8NiKuOkavKSmXmddBLvSU0YBxy4ru6fkVoQ=mo,광고도 게임하는데 전혀방해되지 않아요 근데 글씨나 인터페이스가 좀 오래되어 보여요,5,0,2.10.0,2025-10-26 08:59:39,"(구글 번역)

안녕하세요!

수도쿠 앱을 사용해 주시고 피드백을 공유해 주셔서 감사합니다!

게임의 디자인이나 언어에 개선이 필요하다고 생각되는 특정 측면이 있다면 주저하지 말고 여기나sudoku@digitalchemy.us로 알려주시기 바랍니다.

좋은 하루 보내시길 바랍니다!

안녕하세요,나디아",2025-10-28 03:06:45,2.10.0
60ea8e57-0da7-41b4-b192-5480e4df30ce,김혜수,https://play-lh.googleusercontent.com/a/ACg8ocJLhXKVK2LHJvArDJtL_4yK1rxyofGgKCKqO0yDyOIN15tjMw=mo,다른 스도쿠앱에 비해서 광고도 적고 앱이 깔끔해서 좋습니다. 그런데 했던 판이 자꾸나오네요. 업데이트는 안하시나요?,3,0,2.10.0,2025-10-25 22:41:07,"(구글 번역)

안녕하세요!

저희 앱을 이용해 주시고 문의해 주셔서 감사합니다!

같은 퍼즐이 반복되는 현상은 저희 측의 기술적인 문제인 것 같습니다. 앱의 '의견 보내기' 섹션을 통해 저희에게 연락해 주시고 자세한 정보(예: 스크린샷이나 화면 녹화 영상)를 공유해 주시면 담당 팀에서 문제를 조사하고 해결하는 데 큰 도움이 될 것입니다.

좋은 하루 보내시길 바랍니다!

안녕하세요,나디아​",2025-10-28 22:54:42,2.10.0
9e0fcb31-ffa8-47c2-8a71-68349766ef2e,R怜,https://play-lh.googleusercontent.com/a-/ALV-UjU-xJcSYKoC8uLLREGwyjNJsUXJBMi87xeNLzJoJyqGao8A9IQ,완젼 좋아요~,5,0,2.10.0,2025-10-21 20:27:59,,,2.10.0
ccbb82ef-4b2b-4e2e-8aad-1cb1c4902d0a,황성현,https://play-lh.googleusercontent.com/a-/ALV-UjU1e8P5A49caefEPSWdmHMWxasCr81UvUujetUsHhh4SI2eOi2rNw,광고가 방해 안되어서 좋아요,5,1,2.9.1,2025-10-15 19:46:14,,,2.9.1
b5dce417-d9f3-4158-be52-6eb278a99946,SSS JJJ,https://play-lh.googleusercontent.com/a/ACg8ocJNR80WPdlBscOH_teUAh8sIG4izZUBcyvhmtmjCiZslh30JA=mo,광고가 적어서 좋음,5,0,2.9.1,2025-10-07 00:23:23,,,2.9.1
0d716006-3ba2-4404-86eb-d6f62c9dd35a,조경제,https://play-lh.googleusercontent.com/a/ACg8ocJ4_h4SSgPn3ePxulNySCjZR8PIvYoKliWg2CCsPdvr1H7zQw=mo,굿,5,0,2.9.1,2025-10-05 18:15:31,,,2.9.1
6c419e4a-12c1-4441-bd1b-a8471a9594ea,최수영,https://play-lh.googleusercontent.com/a/ACg8ocLxcvTIeAVzBLaKmwo39UMjXiJQE-sDXJ0EwzAqAw1K671jaQ=mo,광고없이 하기에 좋아요,5,0,2.9.1,2025-10-05 01:14:03,,,2.9.1
757698bd-b2bb-44d1-808d-a44081038e7e,hongyol kang,https://play-lh.googleusercontent.com/a/ACg8ocI7c3V4PIHob33s-Irvo07vELIPQirr7ujhBfTcdxgXmi-rzQ=mo,광고가 적당함,5,0,2.9.1,2025-10-03 10:27:12,,,2.9.1
9dcb4dc6-4541-4ddb-8a58-bb432208f7c9,김수현,https://play-lh.googleusercontent.com/a/ACg8ocJHZxijNBfejJkTmZp5gxtKS4E2I7mmid19ulOpFgjU6lMNRQ=mo,매일 오전 한게임씩 하면서 뇌를 깨우고 있습니다,5,0,,2025-09-25 10:37:57,,,
2899274e-ab11-48a0-9666-6127edb566db,산양,https://play-lh.googleusercontent.com/a-/ALV-UjW6MKKxh7f8u_1TcCBzihAF4_K8doJitpaPnoY1-LalyEmp9WIZ,게임은 그냥 스도쿠고 광고 이정도 빈도라면 참고 볼만하다,5,0,2.8.2,2025-09-22 18:07:07,,,2.8.2
0fdccf95-b0ba-44d7-bc41-bcf90e0c8576,Maximus CHOI,https://play-lh.googleusercontent.com/a-/ALV-UjX5f1vLImjBbt24mRxFfNQzWCuLMnviVyOh33OQUjnH-JUoFKIdBQ,일단 광고가 없어서 너무 좋습니다. 90살까지 안지우고 사용할게요!,5,0,2.8.2,2025-09-18 18:39:40,,,2.8.2
2e23da49-30cc-4369-a7e8-efa6303055b8,고은비,https://play-lh.googleusercontent.com/a/ACg8ocKzfzhvQKLa1gNq3g_MdsqdPL0Pkk1Uves21g-v_Wp2TyZlng=mo,재밌어요.,5,0,2.8.2,2025-09-18 15:45:56,,,2.8.2
eae76a24-99e0-4f42-9720-de23941a5b70,문성희,https://play-lh.googleusercontent.com/a/ACg8ocJKH3ikjR34blxwVEE1lA7jHM-_p2N9hVTLpn8C-93NZKlHvg=mo,치매 예방으로 하는데 기억력이 정말로 좋아졌어요!,5,0,2.8.2,2025-09-14 09:57:25,,,2.8.2
04cd45cf-db4f-425b-8b7c-ae54f11ce78d,Danah Kim,https://play-lh.googleusercontent.com/a/ACg8ocLsD0UzMW4Khda1TdSsgp-rg7926myx6P6i_LgExTloBkPtYwM=mo,광고도 없고 너무너무너무 좋아요~ 최고!!!!!,5,0,2.8.2,2025-09-13 23:42:09,,,2.8.2
56cdcfd2-3917-4c12-a2fb-5027de4b3e42,진돌이,https://play-lh.googleusercontent.com/a/ACg8ocJ_NgCEPnSY8uZBCKyKUgUN7tQpdFrlacSaefZvK7LMRKrAXg=mo,굿 아주 좋아요,5,0,2.8.2,2025-09-11 14:37:43,,,2.8.2
2d10d739-91af-4181-bedc-7af847ad1214,이창현,https://play-lh.googleusercontent.com/a/ACg8ocKtV6zeoirVjOBHXdxmsR-SOuamrHkYdhIYAGdcTe6irHsXmQ=mo,좋아요~~!!!,5,0,2.8.1,2025-09-02 01:46:22,,,2.8.1
ad5bc473-a626-4dd4-8ad9-df1af90d9321,평범한사람,https://play-lh.googleusercontent.com/a/ACg8ocIYeMbnzeSRip5fzdhfryCKOJhKKu8j_ZZ7mntnKWmpdB-Aew=mo,잘 사용하고 있었지만 업데이트 후에 예를 들면 2를 다 맞혀서 입력칸에 2 숫자는 사라지게 되지만 3을 누르려다 사라진 2가 있던 자리를 잘못 누른 경우 2로 적용되서 실수 처리 해버리게 업데이트 되서 매우 불편합니다,5,0,2.8.0,2025-08-26 23:25:20,"(구글 번역)

안녕하세요!

저희 앱을 이용해 주시고, 이 문제를 보고해 주셔서 감사합니다!

저희는 이 문제를 인지하고 있으며, 원인을 파악하여 해결을 위해 조치를 취했습니다. 해당 해결책은 곧 출시될 2.8.1 업데이트에서 확인하실 수 있습니다.

기술적인 문제로 불편을 드려 죄송합니다. 업데이트를 출시하는 동안 계속 관심을 가져주시기 바랍니다.

안녕하세요, 나디아",2025-08-27 01:26:29,2.8.0
428b7029-89b7-492c-987c-9c7dc6b3c0d7,최지혜,https://play-lh.googleusercontent.com/a/ACg8ocKe2ETKuceFSGRnJGCW1QKLMKa-HNPSe0RHDpA4rSYKxWOpHA=mo,광고도 별로 없고 다 좋은데 이번 업데이트 이후 오류인듯 예를들어 숫자 1을 9개 다 채웠으면 1 버튼이 없어지면서 더이상 1이 안 눌려야하는데 1버튼이 있던 자리 빈 부분을 누르면 메모든 정답이든 1이 눌려짐,5,0,2.8.0,2025-08-26 22:44:17,"(구글 번역)

안녕하세요!

저희 앱을 이용해 주시고, 이 문제를 보고해 주셔서 감사합니다!

저희는 이 문제를 인지하고 있으며, 원인을 파악하여 해결을 위해 조치를 취했습니다. 해결책은 다음 업데이트에서 제공될 예정입니다.

기술적인 문제로 불편을 드려 죄송합니다. 업데이트를 출시하는 동안 계속 관심을 가져주시기 바랍니다.

안녕하세요, 나디아
​",2025-08-27 00:03:01,2.8.0
05cca013-4246-4e32-905d-60d07ae4ceea,Haruej P,https://play-lh.googleusercontent.com/a-/ALV-UjVvFbyhVcPaB7Dw823FdxJIQRRnvGz_qYjdWz8-QU2og10Lnwa3,good,5,0,2.8.0,2025-08-21 15:14:36,,,2.8.0
c4844548-8933-4ad1-be8b-5ba65eb088f7,지용수,https://play-lh.googleusercontent.com/a/ACg8ocLGFHxUTJeXclGymkOYalzTAA5DpWJBF9EIzPwzKSeESEEX8g=mo,재미나나나남 광고가 적어요.,5,0,2.7.4,2025-08-19 01:23:03,,,2.7.4
5349d403-0638-4333-bd2c-a8fc0a1bd3aa,Ryan Shin (2021거인우승),https://play-lh.googleusercontent.com/a-/ALV-UjUD5R_eIwA9Vqwmw_qtFI6xIOZRdRNO1s--WYT76CJuz9YjZ0aW,강추합니다!!! 🤩😍😀😃😄😁😆🙂😊🥰☺️😏😌,5,0,2.7.4,2025-08-18 15:35:58,,,2.7.4
515d764c-dfce-4514-9414-914188aaa319,이동헌,https://play-lh.googleusercontent.com/a/ACg8ocItt5XeLAbAwCMBjCDt2kyQJDilclGqF7SBOOVSaOPkzg4iYA=mo,좋아요.,5,0,2.7.4,2025-08-15 21:55:02,,,2.7.4
4c37f30f-9b76-46dc-a974-3351789d0207,Dan ah,https://play-lh.googleusercontent.com/a/ACg8ocKefGucah0iscxJPVOCM1IhX8qDA3ek_PhPl1ilgURDf6cgew=mo,깔끔하고 사용이 편리함.,5,1,2.7.4,2025-08-14 12:53:42,,,2.7.4
db6f61dc-25a7-4188-8bfb-8622bc173b87,심혜령,https://play-lh.googleusercontent.com/a/ACg8ocLngDf_TqGRAXhz4KUwe4yU-kcsQw2vo7rwYHTaI2DUX-_VfA=mo,광고 없고 난이도도 다양하고 좋아요 :),5,0,2.7.4,2025-08-12 18:12:15,,,2.7.4
a3bfa415-5c64-4ba1-ae88-fbd323358269,ZI TO,https://play-lh.googleusercontent.com/a/ACg8ocJjWwoihwknpV9lLfygznuzPCqEMvXjh2Z37nfvzo17yL2W1g=mo,광고없고 좋아요,5,0,2.7.4,2025-08-11 00:07:49,,,2.7.4
6812d5ec-37b7-4ea0-988c-5584e6e2a351,김보정,https://play-lh.googleusercontent.com/a/ACg8ocIXkm2_TSA6Pwq7qdFj71Lc2FAGcvelAjQcSOcB2-_iL98MNQ=mo,머리를 쓰는데 좋은 게임이에요,5,0,2.4.0,2025-08-10 20:02:18,,,2.4.0
798f55cd-1ede-4e49-9959-7686ec003b8f,윤종근,https://play-lh.googleusercontent.com/a-/ALV-UjWX-QL7NgTEE3VTt5Ouvmo_SKxsg17HGvbkQ0spMeo2wS0EhBShCg,사용하기 편하고 정답에 색이 바꾸는 점 정답이 고정되는 점 위 두가지가 가장 좋습니다,5,0,2.7.4,2025-08-10 04:32:05,,,2.7.4
b3d422c3-bab2-4dbd-b561-9b14ba8015a6,이렇게,https://play-lh.googleusercontent.com/a-/ALV-UjXHk-B6QXC71yIFqxRItvcPBLWgC5UUZVB6cG5IY_g90q9zxKE,심심풀이로 재미 있어요. 광고도 없어서 좋아요.,5,0,,2025-08-09 23:07:17,,,
cf312911-2bac-483e-82ca-5b1359e9e40f,송윤,https://play-lh.googleusercontent.com/a/ACg8ocIK5qJdy3X_WELWKDUm_RHXc99Luw5yAInJo62MYbnyoGWgjw=mo,재미는 있다,5,0,2.7.4,2025-08-08 22:31:54,,,2.7.4
b0a81def-971c-4480-ba87-102bb001d210,신동관,https://play-lh.googleusercontent.com/a-/ALV-UjXdfAqsTZsBj3sT3ZdCdMswOZxHKnh-iC1C_6gbXPJwv-1yKEOJ,굿,5,0,2.7.4,2025-08-07 18:55:38,,,2.7.4
e230753f-2b15-4a3c-a9b0-45dfc18bc571,이준호,https://play-lh.googleusercontent.com/a/ACg8ocIfRdlK77KHCQ2JaPc6ftX7603yA4MO5rOiCZgPhhmYdJRasA=mo,매우 좋습니다,5,0,2.7.4,2025-08-04 18:33:48,,,2.7.4
95985d30-0866-417b-b749-bae356de07d3,김성진,https://play-lh.googleusercontent.com/a-/ALV-UjVXtBjqvNwT-QulY_LuBh5ZxcHH13RBabij0edtGmyIKvqLOGs,"광고없어서 좋음, .",5,1,2.7.3,2025-08-01 19:54:44,,,2.7.3
8a410aac-7f9e-4fba-ad4f-1b03cd1a1079,Juhwan Lim,https://play-lh.googleusercontent.com/a/ACg8ocLL0WIAkAcSmBEinw5n6OaG02Q0GWVE-eWdICJMsCVcTpIwlA=mo,광고 없어서 좋았는데 업뎃 후 1판할때마다 광고 나와서 아쉽...,3,2,2.7.3,2025-07-23 23:45:41,"(구글 번역)

안녕하세요!

앱의 무료 제공과 향후 개발을 지원하기 위해 광고를 게재합니다. 수도쿠는 광고 없는 버전으로 업그레이드할 수도 있습니다. 설정의 ""광고 제거""에서 업그레이드하실 수 있습니다.

이에 대한 귀하의 보고서에 감사드립니다. 광고에 특히 영향을 받는 기능이나 페이지가 있습니까?

안녕하세요, 나디아",2025-07-24 18:08:06,2.7.3
72ac0873-4359-46f5-93aa-a50f44eaea0e,Silent Bob,https://play-lh.googleusercontent.com/a-/ALV-UjXPUP5TesBmgdtxKbQc8ps7cHT9poze5tOnouatMRbs452t_WE,광고도 많지 않고 적당히 즐기기에 좋습니다,5,0,2.7.3,2025-07-23 17:39:15,,,2.7.3
b45ffdfa-b0a1-4431-9570-c028b285bf98,둘리형아,https://play-lh.googleusercontent.com/a-/ALV-UjXT0oxHb7PFbfLTeWPVPF5A8mAdF7HRldOuKF_JkwtfOmm8s5SD,뭔 말도안되게 지멋대로 실패를 시키냐..?,1,0,2.7.3,2025-07-22 18:31:31,"(구글 번역)

안녕하세요!

시간을 내어 앱을 평가해주셔서 감사합니다!
더 나은 평가를 주실 수 있도록, 어떻게 개선할 수 있을지 알려주시길 바랍니다.
여러분의 의견과 제안을 'sudoku@digitalchemy.us'로 보내주시기 바랍니다.

안녕하세요, 리사",2025-07-22 20:23:15,2.7.3
427a23f6-fc91-4a4f-afdd-743fdb2ca317,하샘,https://play-lh.googleusercontent.com/a/ACg8ocI56V3b02RxI0n0JiNl6cUjUE8Y18jagv5jjl2YprtrSs1s=mo,광고없고 유료도저렴함,5,0,2.7.3,2025-07-21 03:53:19,,,2.7.3
746e0558-482a-45da-bd83-ad5e40141190,황창수,https://play-lh.googleusercontent.com/a/ACg8ocJJpZDSUIR-nBYzeEAsoHqv7cCoqVmnB-MekYh09Lk_Vsserw=mo,최고의 앱입니다.,5,0,2.7.3,2025-07-19 15:27:50,,,2.7.3
dc890f61-7a0d-4994-a1d6-dafb176c2246,한신,https://play-lh.googleusercontent.com/a/ACg8ocJynmm3twiyQOfaxJMSzvvov0MWfQz3MzymQORU4VS1LgHu_g=mo,광고가 없어서 갠찬네,5,1,2.7.3,2025-07-12 10:02:37,,,2.7.3
b7de4479-6d04-48f3-9263-83b3326b073d,ᄆᄆ미ᄂᄂᄂ,https://play-lh.googleusercontent.com/a/ACg8ocJQQaKRSFmEIWnCWbwLowVDgGG5A2CTxrHWYfwrqGXX4trWOg=mo,심플하고 잡다한 맥끊는 광고도없고 오프로도 되고 걍 다 지우고 이것만함,5,0,2.7.3,2025-07-11 20:43:47,,,2.7.3
fd1e8013-316b-4e86-a597-60cd9a4a3406,이천용,https://play-lh.googleusercontent.com/a/ACg8ocLXXKPfsEMpoSyw9oIEJ7d61Kf0cl-3gQgRwx8JXc-VJriDWA=mo,스도쿠 중에 최고,5,0,2.7.3,2025-07-10 18:00:47,,,2.7.3
52417259-b228-4f38-a86e-f956c2740fa9,지롱이,https://play-lh.googleusercontent.com/a/ACg8ocIO3TB8tLtEFGQITPTCkLaGnciA_KrtXdVFp1FWHtl0z-BCww=mo,업데이트후 광고가 생겼네요 ㅠㅠ,1,3,,2025-07-09 19:44:04,"(구글 번역)

안녕하세요!

저희 애플리케이션을 사용해 주셔서 감사합니다!
우리는 앱을 무료로 유지하고 향후 개발을 지원하기 위해 광고를 사용합니다.
이에 대한 귀하의 보고서에 감사드립니다. 광고에 특히 영향을 받는 기능이나 페이지가 있습니까?

안녕하세요, 나디아",2025-07-10 21:46:56,
47c6cf8f-1a82-4e6a-afa6-6d89dde55239,Dahyeon Kang,https://play-lh.googleusercontent.com/a/ACg8ocLzjvHaVjhiDFldhkKvHPRvNZQ_QyUjVmN6sYPkbqbYNEZQ9wQ=mo,광고없어서 너무좋아요,5,0,2.7.2,2025-07-02 16:23:38,,,2.7.2
ecda7203-faa2-4012-a2db-38ab0f7add47,오목오목,https://play-lh.googleusercontent.com/a/ACg8ocI-x2dY531MgWMKPUQNQyiFDrzW9JYhQW1BTGRE6Rn7BKWKaw=mo,광고가 없어서 좋아요 근데 게임이 많이 없는건지 기분탓인지 어려움모드만 50판 넘게 깨니까 했던 게임 숫지배열이 보입니다,5,0,2.7.2,2025-06-30 19:12:41,,,2.7.2
cdfd15e4-45ff-428a-9e52-8eead21fe024,Hoony kim,https://play-lh.googleusercontent.com/a-/ALV-UjXuLXcARYmiAi_2H5AMy-nlK9B97PLIyK2KUibvwud1jEpT-nTf,잼나네요 ~~~ 시간 가는줄 모르고 ~,5,0,2.7.2,2025-06-30 10:26:21,,,2.7.2
3e888b00-6329-48ca-bbc1-246502d8e8e5,신윤경,https://play-lh.googleusercontent.com/a-/ALV-UjVmjL0A3mzjFXQDLgIFGU4dUboQAbHB_2u0L01Nz9jUc4wrVQ15,틀려도 기회3번있고 광고 안봐도되요!!,5,0,2.7.2,2025-06-29 21:16:50,,,2.7.2
d725a76d-ce40-42ec-b363-8fbf379d6c17,승현박,https://play-lh.googleusercontent.com/a-/ALV-UjVWqDDDR1l54VpZL-pmsMgpzJlAPZ03OxiCLdn45xKmd32ZYtcGBQ,광고가 적어요!,5,0,2.7.2,2025-06-27 12:03:47,,,2.7.2
eb681b26-5f02-45e2-b2b4-18bdfdd08994,빌리와일더,https://play-lh.googleusercontent.com/a/ACg8ocL9A2s97pOnYUMgtyeevuMUG9C7dKZpmCDVSce7IahLfLDv7Q=mo,스도쿠 처음인대 재미있네요,5,0,2.7.2,2025-06-22 18:02:50,,,2.7.2
57585854-cb7d-44ac-a56d-7ed6058c65e3,은색고양이,https://play-lh.googleusercontent.com/a-/ALV-UjV8ui-q5Y1JyloEi9DED-WqtY-RnrWmwF0JSyfPBFlNVAW74WY,심플하고 광고조차 없음,5,0,2.7.2,2025-06-20 13:24:31,,,2.7.2
07ad3288-06e2-4399-8882-67afa07b2806,윤상민 (라디),https://play-lh.googleusercontent.com/a/ACg8ocJQhCymldeVsgcsfUBsg8np7qDJznzJnXPw8lBGgCsCKq8Ruw=mo,난이도 별로 시간때우기 좋게 잘만들었네요 굿,5,0,2.7.2,2025-06-20 10:28:37,,,2.7.2
5465ad01-cdf8-4673-87e5-87e563b98971,하승민,https://play-lh.googleusercontent.com/a/ACg8ocLxfO_ddciLAPD9DLj6v9GEZzwdaeyGOoW6-V71rljhBvx_pA=mo,광고도 없고 좋아요,5,0,2.7.1,2025-06-14 16:16:45,,,2.7.1
c9f3bff2-876f-406e-bd37-fb9892643cc0,이성문 (성문),https://play-lh.googleusercontent.com/a-/ALV-UjUyitr8DU46jlMurE13F8aqAfApoL4yCU8S_Yv1WWdd3XGkZ2Q,그냥 좋아요,5,0,2.7.1,2025-06-12 13:36:38,,,2.7.1
6a029d8d-63c8-41d3-bf7a-13b22aad4fdd,Hana Lee,https://play-lh.googleusercontent.com/a/ACg8ocIJuOWdxUidk1gDhFqWgGuuZDNrDnTAbCqGeGkMdSI0hENq3Q=mo,왜 갑자기 힌트가 1개가 된거에요? 3개였는데 바뀐건가요?,5,0,2.7.1,2025-06-06 23:53:45,,,2.7.1
4cb437f8-cddd-4b9b-9acb-47756f538c52,김탱구,https://play-lh.googleusercontent.com/a/ACg8ocI1853SPhm23veVsY7Yj52NklTXICN7DuhffVfEERFRTerFUw=mo,광고가 없어서 훌륭,5,0,2.6.3,2025-05-31 20:50:27,,,2.6.3
ec3ba136-3725-4efd-9cec-c2d9de8419f1,신희철,https://play-lh.googleusercontent.com/a/ACg8ocIviAt-rojAfaPvTvGE8gXSkb6Wok8f8Wa1LkjUcGlzgd5Nsw=mo,굿굿,5,0,2.6.3,2025-05-26 08:02:28,,,2.6.3
df87521e-fb33-4485-a7ed-5f73c0c10f94,박주연,https://play-lh.googleusercontent.com/a/ACg8ocIwZePOrU1K7aATOJohWvJm5Q2qa3GnsuaPS0QZNiVivj6uFw=mo,광고도없고·난이도도 좋네요,5,0,2.6.3,2025-05-26 00:30:12,,,2.6.3
bab7d875-efdb-43f0-ba5f-a3c9b06feefe,해와달,https://play-lh.googleusercontent.com/a-/ALV-UjVKNOHv2Oq_RPfhSGLESD0zG-e7DSur1ku3Ah9aO_uLGh-vr1bN,"'실수'를 하지 않아도 되는, 즉 '메모'를 먼저 클릭하지 못하고 숫자를 입력하여 '실수'의 카운터가 올라가게 되는 경우가 많은데 이 부분의 실수 아닌 실수를 방지하기 위해 '메모'부분이 꺼져 있음을 좀 강조하는 프레임이 만들어지면 좋겠다는 생각을 해봅니다. 감사하게 잘 사용하고 있습니다.",5,12,2.6.3,2025-05-21 11:02:32,,,2.6.3
c7373acf-118b-4499-a51d-5eebf5b64ad7,김보곤,https://play-lh.googleusercontent.com/a/ACg8ocJ2HkPjfxawwwnq3HHJMCmpHtByfC7-jXY0tRmQqLDbti02bw=mo,깔끔하다 스도쿠 광고로 김 빼지 마시요,5,0,2.6.3,2025-05-20 01:05:04,,,2.6.3
80a99417-f7bf-46f8-8b50-0740660015a8,윤효정,https://play-lh.googleusercontent.com/a/ACg8ocL0g3aA2iJXJinG_aQzZdu96iUnVO45-llvvCKj5BPstL3BSw=mo,"재미있고, 광고가 거의 안 보여서 거슬리지 않아요. 세 번 오답 쓰면 계속 진행하기 위해 광고봐야 하지만, 오히려 이것이 더 합리적이라는 생각이 들어요. 제가 해 본 스도쿠 앱 중 Top 2 안에 들어요. 감사합니다.",5,13,2.6.1,2025-05-19 21:28:30,,,2.6.1
b975b718-5bbb-4d10-b2e1-186cf72baa31,정가혜,https://play-lh.googleusercontent.com/a-/ALV-UjVlx2C1M5iTviFRGbH7QtR3zy27fjjbkSkNZZaCo6GpYBMwcgA,힌트보는거 제외하고 광고없음. 너무 쾌적하고 좋음!,5,0,2.6.1,2025-05-13 12:30:18,,,2.6.1
fff1fcbf-9fcb-4ddc-a227-d5f080165cb4,타토,https://play-lh.googleusercontent.com/a-/ALV-UjWL-VYK5ObDQllR8ktiwJaRl6-abCHUCKF7f4BM4ZcgfcxvIwI,재미있고 광고도 거의없어서 편해요,5,0,2.6.1,2025-05-07 13:28:38,,,2.6.1
66c6298b-00e1-4a19-bd09-6ff84335937c,김준형,https://play-lh.googleusercontent.com/a/ACg8ocLW8YI0n2n72CYM8GB25Yw6-mfy03WEdoGPLIcgJZOf1hO-Yw=mo,깔끔하고 군더더기 없어 좋고 광고가 전혀 거슬리지 않습니다.,5,0,2.6.0,2025-05-02 02:14:43,,,2.6.0
3a15e482-8418-4b96-9e6d-52dffcea4266,강효진,https://play-lh.googleusercontent.com/a-/ALV-UjWmO7Xh6idOcNyygNR2gImGUxVe-2wT48mYfeqGtUisL3IqrJ8,광고없어요 깔끔하고 게임하기편해요,5,0,2.6.0,2025-04-19 19:01:31,,,2.6.0
91b5eaf6-f89e-4098-9f29-02b21da08874,진정권,https://play-lh.googleusercontent.com/a/ACg8ocIy43l0lgHXjy9airi4bNsVQKkTSxVM3mvePWJ3sL-rtom_Slc=mo,👍 👍 👍 👍,5,0,,2025-04-02 09:23:54,,,
442d33b8-478a-4f6d-86c7-822b5b65506b,최강비룡,https://play-lh.googleusercontent.com/a/ACg8ocIPNtQik7zLjztrmo90wHYMzYkky6Ua8p3vBlHsh4KHl4OQig=mo,깔끔한 스도쿠,5,0,2.6.0,2025-03-31 21:02:28,,,2.6.0
d4875917-4832-46b0-accc-2ef4595b6c05,조밍밍하우스,https://play-lh.googleusercontent.com/a-/ALV-UjVNgqcD3TXvspFdECYj8eiBcxn300k3aQGWvEfRfrkOFW-UFp0s,광고가 없음,5,0,2.5.0,2025-02-18 10:02:53,,,2.5.0
5df6a5d5-f8c7-4ab1-8e8b-b73bc95118ec,jjsw,https://play-lh.googleusercontent.com/a/ACg8ocIYxnQOTahhokz7AyQgm1OhVc0iJi-t66s1fQY6HLA7ADGksg=mo,광고없고 좋습니다.,5,0,2.5.2,2025-02-17 14:56:56,,,2.5.2
45274351-058d-4157-a212-464a0fb4815c,Jin seong Hong,https://play-lh.googleusercontent.com/a-/ALV-UjVoztsubQ79NSO5SNVDXpcEEAxLgH800nwNiJuv-vE9Vb9uJtWY,잼있음.,5,0,2.5.0,2025-02-12 19:39:36,,,2.5.0
22829eb2-2bb8-4e39-b93a-53e32dcbf071,"SI, Jung",https://play-lh.googleusercontent.com/a-/ALV-UjWSnWGm6cHHxcy9oPxAiE9r5uA2p0HR27oWJfSFW1mYGXyu8UB9UQ,광고없이 좋아요 밑에 숫자만 정사각형형태면 딱인데,5,0,2.4.4,2025-02-07 01:32:30,,,2.4.4
8f53a88e-9523-4e9f-8bb0-f0ce9de47111,신도호,https://play-lh.googleusercontent.com/a/ACg8ocJ3OQ6hzklIIwP73MuaNeyGQvQ44zxceoyBgfFkziIxsS6fXA=mo,광고가 없어서 좋아요.,5,0,2.4.4,2025-01-28 09:16:36,,,2.4.4
cefabaab-66e2-4369-8a1c-0731fcc175c1,라온,https://play-lh.googleusercontent.com/a/ACg8ocI1Turm1VaVcUkW6CTKo5y0musf6VsJu8MEjhAriAQ4TUzO=mo,광고가 없어서 좋아요,5,0,2.4.4,2025-01-24 16:22:29,,,2.4.4
1007be93-39b0-4460-8e17-775b53615448,손ᅵᅵ정숙,https://play-lh.googleusercontent.com/a/ACg8ocLWa98AeQoUAs4RJupT0DUNrV_AU89vViSf9cKo9ZS-jw4gLA=mo,재밌게 하고 있어요.,5,0,2.4.3,2024-12-24 11:05:13,,,2.4.3
ab0d4415-5bbb-47c5-bba6-15c2a50c6617,김종진,https://play-lh.googleusercontent.com/a-/ALV-UjUHXO2C5YEb0NFSGEwmzgbtjiATRAelRWzolnkHutsx0rEy6b4,광 고없어좋아요,5,0,2.4.3,2024-12-19 12:01:44,,,2.4.3
b901345c-224b-4525-bc93-16a78e6d2923,y .S,https://play-lh.googleusercontent.com/a/ACg8ocJ0YjCJeY_EM2DDUfLs0tg_OtxX35mLC1ZObcH4x0eaEsUvfA=mo,여러모로 도움되는 게임^^,5,0,2.4.2,2024-12-13 12:33:54,,,2.4.2
61efd137-01cc-46a1-a9c4-d456e5db37e2,이은경,https://play-lh.googleusercontent.com/a/ACg8ocKHzRYkWrJNM6w0VEgnOvD2FyqCf4f2jnE6RtS8tvY2Q3y2dXc=mo,광고없어 좋아요,5,0,2.4.1,2024-11-17 12:49:23,,,2.4.1
fc952882-84b0-4532-9b4e-8b3cf1ca71d6,이세희,https://play-lh.googleusercontent.com/a/ACg8ocIo2rHwpswvbo6dKtioy_TsEVWf3J2lI7GwSgWxyUGEvdkw0A=mo,짱,5,0,2.4.1,2024-11-09 19:51:36,,,2.4.1
1ec6c3cf-d29d-4f48-a294-8c159d4ba256,GS Heo,https://play-lh.googleusercontent.com/a-/ALV-UjUfMFosRFbyO-ewhVVlmjflLD2QV0t4GsCKRxQK2ZHwd7jIH2Y,힌트를 안쓴다면 광고자체가 없다고봐도 무방함,5,0,2.4.0,2024-10-31 18:38:31,,,2.4.0
215419a0-6638-4d13-86ad-b8e9bed9ef85,박정현,https://play-lh.googleusercontent.com/a/ACg8ocJKtikBlAJbqBqT4Sp1ihGQQs9D0wKu-59MCcg_ZIbKOIoZ0g=mo,시간 날때마다 합니다 머리회전 및 시간보내기 최고,5,0,2.4.0,2024-10-28 17:01:24,,,2.4.0
7d8d48f0-fe68-4ff3-ba89-53bf57178359,HC Lee,https://play-lh.googleusercontent.com/a/ACg8ocJ0s-xAItjJW7KSppeaUlc6Nk5HZkCPMaI7951tz6Y2hcYo-Q=mo,👍,5,0,2.4.0,2024-10-28 00:02:51,,,2.4.0
50877abd-917c-4e9e-b86a-06f5923e158b,고경희,https://play-lh.googleusercontent.com/a/ACg8ocJDps472JotSaHdxcQCJ8O1eO6U5Ka1W_nqrZ46l9g9R1plpQ=mo,굳굳굳,5,0,,2024-10-20 21:26:23,,,
8bd8b29b-8eb3-4018-9a73-7dd4c09efe42,길영호,https://play-lh.googleusercontent.com/a/ACg8ocJPFkXu-RBRklbQvKEVKYobpz17Vq_7WxZh2qkuopA560sKHg=mo,그냥,5,0,2.4.0,2024-10-20 14:04:28,,,2.4.0
bf465722-e2df-4de1-955e-992b5fea0c6e,김정숙,https://play-lh.googleusercontent.com/a/ACg8ocIsM8L1Hp4MoG04S18SPLmtLKg1ujtyAR7pobWXOtE3N6klRQ=mo,진짜 좋은게임. 광고없음,5,0,2.4.0,2024-10-12 22:41:59,,,2.4.0
f7bb31f5-1848-46fc-b498-6c218a3c7547,잉냐,https://play-lh.googleusercontent.com/a-/ALV-UjUahH8nXqIPE9nmHr0IYLQUK1gcuwsttVMl2pmlhTPWREgQuAGO,재밌다!,5,0,2.4.0,2024-10-10 09:24:14,,,2.4.0
bd52cfd5-274d-4d57-a8fc-ee60f83dd1db,구름,https://play-lh.googleusercontent.com/a/ACg8ocKRaRY71mLhZlGvzT_kcJOfDHlLwVWwd60LAoJz3HdrXASu6w=mo,굿굿 최고임 직관적,5,0,2.4.0,2024-10-07 17:53:29,,,2.4.0
a4e40ae0-a9e0-424d-a51b-6f529e68ec33,Google 사용자,https://play-lh.googleusercontent.com/EGemoI2NTXmTsBVtJqk8jxF9rh8ApRWfsIMQSt2uE4OcpQqbFu7f7NbTK05lx80nuSijCz7sc3a277R67g,머히쓰는데 좋음,5,0,,2024-09-29 19:07:42,,,
6fc44b83-6ad9-44a6-9640-5a6000844bae,BAE시게이터,https://play-lh.googleusercontent.com/a/ACg8ocKHXE2dbGxS39IdjrUWY-cFX1yl8yejfC2Tltn66CMHtwlPiw=mo,처음에 광고 없어서 좋았으나 1회광고후 기회1번 더 찬스를 쓰려면 광고를 봐야하는데.. 이때 아주 개짜증납니다. 광고 끝내기를 교묘하게 숨겨놨습니다. 그리고 최근에는 광고가 3개연속 나오며 게임을 할 수가 없을정도로 장난질 치고 있네요. 결국은 삭제 했습니다.,1,7,,2024-09-29 11:48:55,"(Google에서 번역)
안녕하세요!
저희 애플리케이션을 사용해주셔서 감사합니다!
우리는 앱을 무료로 유지하고 추가 개발을 지원하기 위해 광고를 사용합니다. 광고 없는 버전으로 업그레이드할 수 있는 옵션도 있다는 점을 알아두세요. ""광고 제거"" 메뉴에서 찾을 수 있습니다.
그럼에도 불구하고, 우리는 광고 품질에 대한 세부 정보가 포함된 이 보고서에 진심으로 감사드립니다. 광고 자체는 그대로 우리에게 제공되며 도달하기 어려운 곳에서 광고를 중단하는 옵션은 제공하지 않습니다. 그러나 공급업체와 이에 대해 논의할 수 있는 옵션이 있습니다. 보고서를 팀에 전달하여 광고 품질을 알려드리겠습니다.

안녕하세요, 나디아",2024-10-01 18:54:44,
2e97b146-e59e-4e52-9cf3-5ff4f7b418f9,CY Park,https://play-lh.googleusercontent.com/a/ACg8ocLzwrjsjVwcmEbWlkLFuP1lbxDSA1Yy3iMpI84PqoLTZ4fSuQ=mo,광고없어서 좋아요. 아주 없지는 않지만 만족이요,5,0,2.4.0,2024-09-29 01:36:02,,,2.4.0
70cad238-689a-464c-9a35-0bf1dbc0da3d,최소영,https://play-lh.googleusercontent.com/a/ACg8ocLChR9fPgp0-PdpuuvkqG74E0Rrm0KE0BQwyKG1p0hgCN5mHw=mo,광고가 거의 없어서 너무좋아요 다른앱은 광고때문에 게임하다말고 진짜 짜증나는 경우가 많은데 이앱은 정말 게임이 너무 재밌어집니다ㅎㅎ,5,0,2.4.0,2024-09-26 15:25:38,,,2.4.0
0b450969-1b91-47e2-9ceb-7ffa4df5db90,이루꽁,https://play-lh.googleusercontent.com/a/ACg8ocLoGDR6OQPGZdQOwDud2rz1m47FaLP3Rfbwbb9kxxOT1g8JW_A=mo,재밌어요,5,0,2.3.6,2024-09-19 21:36:38,,,2.3.6
e1921871-b4b8-41e1-a985-eb2bd2cb505b,신은미,https://play-lh.googleusercontent.com/a/ACg8ocJV04Ncd6_hLFMIPbS8haRzeDOimwCzhe9pU6Nd6gaeI7iBig=mo,불편없이 잘 잘용하고있어요.광고없어서 좋아요~~~!!!,5,3,2.3.6,2024-09-19 21:16:55,,,2.3.6
4e196355-9617-4613-87cf-06ff4b857d9c,워니맘,https://play-lh.googleusercontent.com/a-/ALV-UjUURmCyZmB1HdIlxjpfUcZG_hFypt1LLKpQXctzqbY3TFoDgJwqfw,광고에 지치신분! 정말 스도쿠 하실분께 강추,5,0,2.3.5,2024-09-08 20:31:27,,,2.3.5
76bd0c99-12e7-4b29-9431-8cd830eb59f5,한승훈,https://play-lh.googleusercontent.com/a/ACg8ocLvuwyXG95foiJhO_Q6vJ63NBr2Gwra7FzeLJ9CLq_70uZA0Q=mo,광고 적어서 좋아요,5,0,2.3.6,2024-09-02 10:13:33,,,2.3.6
110e9bab-9a0e-4507-988e-cd74c3387763,jiyeon yu,https://play-lh.googleusercontent.com/a-/ALV-UjVn_WkcY1wiVQeg8JHi_98ZgZTlvB2K7TMMsh0P_KFR7qG6HcOUaA,광고가 거의 없어서 게임하기 좋아요 강추,5,0,2.3.6,2024-08-28 00:14:57,,,2.3.6
1c424465-d0fb-474e-9e18-6bd9d146ab27,JungHye Do,https://play-lh.googleusercontent.com/a/ACg8ocKWlrfA9u819YOLthm2GJjlUWH48jTbNJ0I4ldUnKikLiHn2A=mo,군더더기 없이 깔끔하게 스도쿠만 할 수 있어서 넘 좋아요.👍,5,0,2.3.6,2024-08-21 01:00:14,,,2.3.6
1a759674-c84f-4a36-971e-c300e446e290,김원준,https://play-lh.googleusercontent.com/a-/ALV-UjVaHAniQ8CTK8cNvfXka18Bks1ksbCXW_6lr9I30YrgWcoQP7s,깔끔하고 편리하다,5,0,,2024-08-20 19:45:23,,,
aff03a39-e440-4cbd-9efd-c7b1d22738cb,유철윤,https://play-lh.googleusercontent.com/a-/ALV-UjXvQujbEDt2HqTW52Ewo_649_ZnXy2EnarE6HCBY0CEeESDarlRnw,스도쿠 앱 중에서는 최고로 쾌적함 👍,5,0,2.3.5,2024-08-16 00:06:57,,,2.3.5
37e319e1-b173-4ada-a3dc-fe25f02f7168,chae hyun lim,https://play-lh.googleusercontent.com/a/ACg8ocJY5NCpPiGWKq3JaR7_uKIMyipAuwjiNqGWZYKKwoLkawzTtQ=mo,Good to go,5,0,2.3.5,2024-08-15 15:26:22,,,2.3.5
f47ea2b9-2a4b-44d1-bbb9-586b5ff75a44,홍성욱,https://play-lh.googleusercontent.com/a-/ALV-UjX-T0OD1dVBlIdRCADmVvRgTQ3UOUUgdbEDlCtLJseJ6lwojow_,굿,5,0,2.3.5,2024-08-11 20:09:40,,,2.3.5
a4d65378-1d10-48b7-b700-41359cfa7648,유난,https://play-lh.googleusercontent.com/a/ACg8ocKc5X7bIlbt8K6TWIVVoq1oDFSkZQa6o51POYSeta-5hQ8jvA=mo,"이것만큼 가볍고 충실한 거 못 봤습니다 ㅋㅋ 최애 앱입니다. 업데이트가 된다면 틀리면 틀리는 대로, 실수해도 알려주지 않는 모드도 있었으면 좋겠습니다.",5,0,,2024-08-08 19:55:03,,,
105abbe7-870d-4e3b-a6bf-f7747e0047f9,이수진,https://play-lh.googleusercontent.com/a/ACg8ocKz4YnNnvVfxyJo1Zx58wZ3AlxoDbPZXi6yYTYtIFtcEe6laQ=mo,광고도 없고 스도쿠게임 중에는 제일 탑이네요,5,0,,2024-08-04 11:15:08,,,
6e9e65a0-3c9b-4e6b-8188-eb84d29aca82,뽀뽀리,https://play-lh.googleusercontent.com/a/ACg8ocIMwM-QqjEJgHka_tiqOvYxr9GkTuJVK-lLvHUdLhhis8ljCQ=mo,광고적고진짜좋고재밋음!,5,0,2.3.5,2024-08-02 23:07:52,,,2.3.5
dc2cc18d-7a9f-48dc-9b96-3950dd758d8b,김현주,https://play-lh.googleusercontent.com/a/ACg8ocK2fJJ00l0Wky-A5q2wZvoV6A4TJ-y2ZukZIvtStsgbwE3Gjw=mo,아주 최곱니다 !!광고가 일단 없어서 좋고 다른 스도쿠보다 더 머리를 써야해서 전 좋아요,5,0,2.3.5,2024-07-28 16:00:00,,,2.3.5
75f42684-ab9e-425f-a186-d22446ccf59f,씨붕어 (씨부),https://play-lh.googleusercontent.com/a/ACg8ocKddbVRiQyOcKWwaVEsNOblireg0kvu76VeRTVfem5CnkdzWg=mo,최고의 스도쿠 게임,5,0,2.3.5,2024-07-27 19:49:44,,,2.3.5
6ed958a1-2995-451c-a833-2b9331d206c2,정민,https://play-lh.googleusercontent.com/a/ACg8ocL_O5-oryQAxYCcXUxp8oRDpItLE-aLhePwMSE-5aTfcP_V0A=mo,굿,5,0,2.3.5,2024-07-25 13:50:24,,,2.3.5
9790bb48-26a3-4e36-acc7-c097c08f7631,김철용,https://play-lh.googleusercontent.com/a/ACg8ocJmtwcuH0ZThxrqiOObbD4_FCW6hJbdFJjE794bcRSCozxQ-A=mo,시간잘가고 재밋어요,5,0,2.3.5,2024-07-21 15:56:14,,,2.3.5
29a7e0ed-a45f-4322-874a-b9336b4d8019,레인부츠,https://play-lh.googleusercontent.com/a-/ALV-UjVO0eyCFZaBdvrNWcXZIYmlhjHxr3xxTa8GLdzT0ug17Jv5u-ZoSA,광고도 없고 단계도 여러개라서 재미있어요~,5,0,2.3.5,2024-07-21 12:02:07,,,2.3.5
65b37763-7fe8-4f80-98a1-df0ef3e919e4,ET Oh,https://play-lh.googleusercontent.com/a/ACg8ocLYXDkohGozjcdQL_pF3A4cODgQ3JTtuzTymLLEt3Z6vpPjGg=mo,최고의 스도쿠 앱,5,0,2.3.5,2024-07-20 09:29:42,,,2.3.5
a069ede7-43cd-42ef-935b-9ff69b4b2b74,신경근,https://play-lh.googleusercontent.com/a/ACg8ocJDUyc9ZCl_guLlNOtiTvY89p9lATT5BKgF1wSBbFvzEnQf=mo,광고가없어서좋아요,5,0,2.3.5,2024-07-19 23:50:03,,,2.3.5
fcd22741-cbf6-4d96-8f47-e1960ee18195,정홍균,https://play-lh.googleusercontent.com/a/ACg8ocK3u8zW_PRCeCv7SH7uvK1tbGT3ZsKetUTIX2Unmd3oPylrEQ=mo,너무 재미 있고 또 하고싶다,5,0,2.3.5,2024-07-19 22:17:20,,,2.3.5
c79c2e38-3428-4f4f-a3ee-7723aee9c187,김정현,https://play-lh.googleusercontent.com/a/ACg8ocJubt-5TYcRrs7L9sfa50Xo6vqqcFgHvQ23NCApHN6EH1F4CQ=mo,광고 안봐도 플레이 가능해서 좋아요.,5,0,2.3.5,2024-07-19 17:47:21,,,2.3.5
07f0167c-16d5-4617-9047-b0c814dd6515,지크하일,https://play-lh.googleusercontent.com/a/ACg8ocJKRSNtX799RgTWvfFrjYM5Vv21Vk4FJnz1H204IMHcefWZtQ=mo,굿,5,0,2.3.2,2024-07-16 16:15:50,,,2.3.2
9be0db19-6d23-4dd1-a907-48feaedbb46d,Daniel Her,https://play-lh.googleusercontent.com/a/ACg8ocJCjeE69lGorfMdvXhCH7mub5bFErBXSw_EkjZs4HGoX17ErQ=mo,광고 없어요,5,1,2.3.5,2024-07-16 04:10:46,,,2.3.5
d5a3768e-4682-41d6-b6ae-243a1a177594,야나야,https://play-lh.googleusercontent.com/a/ACg8ocLbKB1QjMdHbEPdwuDljBmJTH04ARqpurB2wMRk5x2PB82WQw=mo,광고없어좋아요,5,0,2.3.2,2024-07-14 23:23:05,,,2.3.2
258ba4cc-72eb-459c-bc04-8ae1470c6eaa,김가영,https://play-lh.googleusercontent.com/a/ACg8ocLqWHfGVW_6X8UWHw_z94JanyU7aZ5kOSb6tCOHa4nNIXfuOg=mo,👍 굿,5,0,2.3.2,2024-07-12 22:02:59,,,2.3.2
4470d9ea-ce37-42d5-aeb6-734330cee9ee,장형진,https://play-lh.googleusercontent.com/a-/ALV-UjWWxWB-pSuIw0o2Paym8vwZe-jwsojXvGt91xnssoHvjbPzrR2-,굿,5,0,2.3.4,2024-07-11 12:46:28,,,2.3.4
8b7a120c-6741-4bd5-899b-0a938f44ba6f,민짱짱이,https://play-lh.googleusercontent.com/a-/ALV-UjUKO2BUuq5gdCEovGdloncJ0RH7jLEK53aGmEbw5m76j4s526Qa,광고 넣어도 됩니다 ㄷㄷ 이렇게 없으면 유지가 되나요?? 재밌게 잘하고있습니다,5,1,2.3.2,2024-07-05 01:49:31,,,2.3.2
d772c1f3-78ee-4b2a-bec1-5a5dfdfb18b3,younggun joe,https://play-lh.googleusercontent.com/a/ACg8ocLtGkx1VRR8N9zZtw6EdvNEu7EAC9MLxmgz5EjeQ5SPlYmGxg=mo,The very best SUDOKU. I LOVE THIS.,5,0,2.3.2,2024-07-04 03:00:44,,,2.3.2
15b805b6-51d0-4dd9-afc6-056fe7855c3e,김은희,https://play-lh.googleusercontent.com/a/ACg8ocIcHRULPWWteWAJllsCvV-j3mwq2ZKFlwoMgORYYtV2FUwO5g=mo,광고없이 즐거운 게임 매우 좋아요,5,1,2.3.4,2024-06-30 19:41:28,,,2.3.4
b00c2ae1-0302-41cb-8c21-e47f298ea47b,정진희,https://play-lh.googleusercontent.com/a/ACg8ocIpHRNb17oa6vcKkgeUoNIH-tS0YimQj6T0F3xEjvlbGyJP=mo,광고도 없이 이런 재밌는 겜을 할 수있어서 좋아유,5,1,2.3.4,2024-06-29 17:16:15,,,2.3.4
59e57f50-b8ea-4547-95b7-54d0e2727d2d,박현아,https://play-lh.googleusercontent.com/a/ACg8ocI-fs9BXgM8kkz2zlv0iSE8HnNuvdLiAO1iFqEaEvuLgD4o=mo,광고가없어서 너무 좋아요!!!!,5,1,2.3.2,2024-06-26 23:45:36,,,2.3.2
768bb252-7520-439c-ab55-b2974fbcd412,깨참,https://play-lh.googleusercontent.com/a/ACg8ocJW3xFtFRr93kertfonwtfdMrs7QgyRXKXi3exKjczm4S_6KA=mo,무료할때 광고 없이 할 수 있어서 좋아요.,5,0,2.3.2,2024-06-26 07:53:00,,,2.3.2
a9328c2e-fb43-4b14-a021-51d224827fe3,김경진,https://play-lh.googleusercontent.com/a/ACg8ocJL2pXNvuE7iUJNaP5MqyODszic1rLzH_HQBhWL4hgSwb-Srw=mo,광고가 없어서 좋아용,5,0,2.3.3,2024-06-23 08:39:54,,,2.3.3
905b48fe-bd0e-4b06-8d3d-00db05e7d035,김재오,https://play-lh.googleusercontent.com/a/ACg8ocJJBV6Pgv78vUIA9PL-5adwo_dOoV1_ELb2boydj2Gr1pj9HQ=mo,시가순삭 재밌어요,5,0,2.3.2,2024-06-23 06:54:06,,,2.3.2
e36af479-a4a0-4472-acab-bf88f74b8a7e,제웜,https://play-lh.googleusercontent.com/a/ACg8ocK-GH3zyHf5YjFcHV2doscZQiAhIvEgE3w3QHubRc4uGs7NlA=mo,갓갓갓 광고없음,5,0,2.3.3,2024-06-22 02:53:49,,,2.3.3
d8a57e25-c326-42dd-999a-6b0d3320991b,최인선,https://play-lh.googleusercontent.com/a/ACg8ocLGcsXdi5fIVChAU7YfmmaAgWuVZwlAOsBO-e3kMazZj9p0vw=mo,광고 없는게 너무 좋구요 시간가는줄 모르고 20~30분 지나갑니다,5,1,2.3.2,2024-06-21 14:27:15,,,2.3.2
2f38ebe3-80c5-4da2-ba5f-49839d877bc4,박준영,https://play-lh.googleusercontent.com/a/ACg8ocIwERg7yNK4wvmOMJAgroo3s8YZqFVUUQNdqpjezgnBpZRmVQ=mo,광고없고 최고예요,5,0,2.3.2,2024-06-18 08:54:52,,,2.3.2
dd45f56e-6ac0-4851-a94a-430e9efbd7ac,이YG,https://play-lh.googleusercontent.com/a/ACg8ocLY8GiltEViIcB8VlJpYU1xgoKxnzzM3hIheFcfg7ZRU0ELkQ=mo,광고 없이 플레이 가능,5,0,2.3.2,2024-06-18 08:30:20,,,2.3.2
4f4a40b0-add0-4719-968b-67e3323c3a03,강규현,https://play-lh.googleusercontent.com/a/ACg8ocKo0vGevxvMwfBA3uCMQB0C0-yUjeyehNcAECfTrf4Z5TSaGw=mo,😀 좋아요 즐기고있어요,5,0,2.3.2,2024-06-16 11:53:49,,,2.3.2
c7047b80-328c-4e04-8a11-77ac176277e4,김형진,https://play-lh.googleusercontent.com/a/ACg8ocKqGTBRuBOrB4kZ8KtzaBixnKaJslCQC6rhBtwv9jG3bMd_-Q=mo,제가 해본 중 최고의 스도쿠 어플입니다-,5,0,2.3.2,2024-06-15 07:48:45,,,2.3.2
2c2c0abb-ef50-4363-a39a-8e0e75ece9ed,이성재,https://play-lh.googleusercontent.com/a/ACg8ocLf5SXEamMt_Ehmufi8lQLrLUEDcYtiPYonmdRSMQmkvZuyqg=mo,두말할 필요도 없이 광고가 없어요,5,0,2.3.2,2024-06-12 16:48:49,,,2.3.2
7af511b4-7ba6-4fe4-b739-b0e7f25bbd3b,Eunhui Kim,https://play-lh.googleusercontent.com/a/ACg8ocLmSk4Gm21hZMsSOR1EdzLgg_Ao-b1nQkqfDa6drnvt3FL50A=mo,광고가 없어서 매우 좋습니다. 강력추천합니다.,5,1,2.3.2,2024-06-11 17:56:07,,,2.3.2
aa648d27-62ea-4021-9e71-1eb72944fda7,Ara Cho,https://play-lh.googleusercontent.com/a-/ALV-UjXRZ7OjpcZ7RFfAMXqkyOp8nsBfxipfFhYr-1nsJo8DAeZGSbM,재밌어요 잡생각 날때 하면 시간 순삭,5,0,2.3.2,2024-06-08 18:07:38,,,2.3.2
56d4c515-dcc4-409f-bcbf-244adef583a2,이주영,https://play-lh.googleusercontent.com/a-/ALV-UjXK1ox68WPV9Zp5f7zvqoLOV_SP19hKPmARaup3uCIwhuudQllB,스도쿠 중에서 광고 제일 적음,5,0,2.3.2,2024-06-07 17:46:40,,,2.3.2
44fc461b-b4c0-4b11-835d-ee08b33f5632,박현리,https://play-lh.googleusercontent.com/a/ACg8ocLA2nJ-pN6BA4CO4sD9MDAk8GhavQrVtdiUFbLFlX0gv8Ga=mo,광고노 집중 잘됨 아주 좋아요 완전 몰입 초고에요,5,0,2.3.2,2024-06-05 11:31:54,,,2.3.2
3e20c0ab-be4e-499c-a138-19a3eb5417cf,이성재,https://play-lh.googleusercontent.com/a/ACg8ocLf5SXEamMt_Ehmufi8lQLrLUEDcYtiPYonmdRSMQmkvZuyqg=mo,광고없고 좋아요,5,1,2.3.2,2024-06-02 18:03:04,,,2.3.2
a135ff31-14b9-4372-9310-95f33358b581,박민석,https://play-lh.googleusercontent.com/a/ACg8ocJXdHQIeMVU33lSv6U9qNH9eKZnF8mgL5DCEUZYvypmu7UN4w=mo,Good,5,0,2.3.2,2024-06-02 11:21:08,,,2.3.2
bb2ac1e1-3012-494c-8376-56bbb6813b67,김현진,https://play-lh.googleusercontent.com/a-/ALV-UjVEo68UiNehTiJd828RCRoq6n_iGm9jsmFf39nespPk18OuPXs7,좋아오ㅡ,5,0,2.3.2,2024-06-01 13:53:24,,,2.3.2
0b1947df-143a-4dbb-bb28-3e26a999e1f7,아우증말,https://play-lh.googleusercontent.com/a/ACg8ocIGHzn2y4z7L8aV84lDVloZTAEQhqMYmT8pCWt9KanD6NTH7A=mo,Good!!!!,5,0,2.3.2,2024-05-31 17:08:42,,,2.3.2
068f62e5-4750-4997-81f7-ce5b2ba92540,김연화도,https://play-lh.googleusercontent.com/a/ACg8ocKG_YW2RFTMDIZeJ-o2j6AFKEy9OU3MPpZNGVxE5hgBRpI9FQ=mo,좋은 앱입니다,5,0,2.3.2,2024-05-24 09:30:21,,,2.3.2
f9fe9e60-9ec0-4d18-9dc0-9228ce58754f,Kyoung suk Kang,https://play-lh.googleusercontent.com/a-/ALV-UjVSKM65e6OzOfh4Eg8nukZZNS2Pg352LzHAx8-IItD0R5ZLqvOf,충분하고 깔끔하다,5,0,2.3.2,2024-05-22 09:17:55,,,2.3.2
0aecb4b4-f9c7-42a9-aaad-58afac9c625e,eunsu,https://play-lh.googleusercontent.com/a-/ALV-UjWyzzD2p1RvIunP_XlnqgssqXEN-XAUUTgOI7kzRaJW6fSO4io,광고없어서 대만족입니다.,5,0,2.3.2,2024-05-18 21:28:24,,,2.3.2
911453f4-f08a-46d1-ba9f-e0854fb25417,이우성,https://play-lh.googleusercontent.com/a-/ALV-UjW5RJV3kGtldRJHF8pWKJyAiSSSEcYFOgouuJTPyRpc6pG7uBdI,광고없음,5,0,2.3.2,2024-05-18 14:59:23,,,2.3.2
eeefde0d-59fd-4062-8f17-b7b167f3e1ad,화혜오,https://play-lh.googleusercontent.com/a/ACg8ocKDT4JEQ3N-XrTWPnF5QWUCBAPMRcwOZi6oCpR67U-2Q2EmAQ=mo,그냥 깔끔합니다,5,0,2.3.2,2024-05-18 11:56:22,,,2.3.2
0ee9202e-4452-49a0-82f0-5af6e935f3fa,Ellie Lee,https://play-lh.googleusercontent.com/a-/ALV-UjXpqqt3m4TVA9Ph9TQWhX8d6m8Yy56TMtah80cr2zb8rRjVoFa-,광고없어서 너무 져아여,5,0,2.3.2,2024-05-15 11:44:43,,,2.3.2
e158e716-8fd9-43e2-aa72-328cf1969843,윤나겸,https://play-lh.googleusercontent.com/a/ACg8ocIvH8x_6-zPYqlS1vXTQjwekDr7MoLt8YAykowa6faJgFGciQ=mo,전문가는 정말 풀기 어렵네요😂,5,0,2.3.2,2024-05-13 23:54:04,,,2.3.2
95eba5e5-7db5-422d-aaa6-f2eb76069923,원희연,https://play-lh.googleusercontent.com/a/ACg8ocIl7n4MekrjvFxvhGivpMmBnwGtyWagu2xXFU6HeO8MZAay5g=mo,광고 없어서 굳굳,5,0,2.3.2,2024-05-12 20:37:21,,,2.3.2
581e2e46-3921-451a-b3b5-2b41956f6b74,Kim미리,https://play-lh.googleusercontent.com/a-/ALV-UjULR3MYIH5auCycrwX3N_tgZGHMszwI9x2uBPeV3GosyIdy3EH8,좋음,5,0,2.3.2,2024-05-08 23:58:33,,,2.3.2
c8e3ddaf-5c6e-4f97-8923-57c898a00dab,Cecilia Jo,https://play-lh.googleusercontent.com/a/ACg8ocIXkYFX1Q3iL_L_6lGRA4QqQ3QNHBaDJ7MWWwg7H6pXhE8G5A=mo,후보 숫자 메모 기능 너무 좋네요!,5,1,2.3.2,2024-05-07 22:22:29,,,2.3.2
8f661356-d505-41f5-888b-4336ff376ef3,이긍주,https://play-lh.googleusercontent.com/a/ACg8ocJrGc-UfWqfTWZa5P6-zq7BY7IzjTltJjvKmHuWorIeWV77kA=mo,선전이 거의업어좋아요,5,0,2.3.2,2024-05-07 12:55:23,,,2.3.2
1572ebcd-beec-4773-98a1-c33a588fea01,신혜경,https://play-lh.googleusercontent.com/a/ACg8ocIxjPIWLmM-YlIOzM13bG-yNROv2noqjqRXvgBzqxHLKvMUdw=mo,광고가 없음,5,0,2.3.1,2024-05-05 13:12:31,,,2.3.1
5957fa60-95d9-4177-81ac-6f3e24df65ed,Cheungpoung Kim,https://play-lh.googleusercontent.com/a/ACg8ocK9anuyd8f3hYicG0dMV9TaHJ9GT5jjYItqjd9RTrzM0-NmlQ=mo,굿이여~~~^^♡,5,0,2.3.1,2024-05-05 07:41:21,,,2.3.1
cb302c34-7642-4a5a-a947-6f525114bc20,호야SZ,https://play-lh.googleusercontent.com/a/ACg8ocLfEkGcxGvGe9G-1-HmH7sdjFyqJY4i2L15bwZ8GUsl-hlYQA=mo,재밌었어ㅋㅋㅋ,5,0,2.3.2,2024-05-04 23:48:06,,,2.3.2
52f8c9c8-3fd5-430a-9a87-a90481ba7844,Christine Cho,https://play-lh.googleusercontent.com/a-/ALV-UjWq6cdXQXsOL5aTt7LUBjnagd8cH_LR6nyGx-YFtigTjhWgMQV8FA,"최소한의 광고, ♥",5,0,2.3.2,2024-05-04 14:43:59,,,2.3.2
5ce6684d-b7f4-49a8-99fe-46e840445081,조우철,https://play-lh.googleusercontent.com/a/ACg8ocJIb-CAu84l2HeWtDHH5Mo5KRS4pC02DGRkcCW9-yzT1TGV4g=mo,재밌어요.,5,0,2.3.1,2024-05-04 12:05:33,,,2.3.1
74b3a399-24e1-494a-8c62-79e617cfbfe1,이미숙,https://play-lh.googleusercontent.com/a-/ALV-UjXa8J69i5O5K6pTbAo2yuBCPUWhimM5JMyjddg7M8UcimGo2sZW,광고없이 화면 깔끔해요,5,0,2.3.1,2024-05-04 09:49:34,,,2.3.1
817704ea-5318-46a4-887d-029360996a03,김영일,https://play-lh.googleusercontent.com/a-/ALV-UjW--QbN2eEAj4xl-_qnV17G66iUoXcnIMQ-jKyIJ1i72p5HMzpw,👍,5,0,2.3.2,2024-05-02 00:34:50,,,2.3.2
161311d2-d9d0-4308-be63-fe935de6931a,이승종,https://play-lh.googleusercontent.com/a/ACg8ocIc5N9SfGQciapDhiIY35FUXsgBdmWaNxbBuxJtB8fwrv0r0g=mo,광고 부담 없이 즐길 수 있어서 좋습니다.,5,2,2.3.1,2024-05-01 19:51:03,,,2.3.1
f105d9ad-1a70-4af0-8d6d-f6b73b1f9e9b,최종임,https://play-lh.googleusercontent.com/a/ACg8ocLyxWAPLuFz1kz9uGGxx403nBCo5WJ1NcHaTNUmky55R_c2UA=mo,광고 없어서 너무 좋아요~ 이상하게 시간만 나면 하게 되네요~^^,5,2,2.3.2,2024-04-29 13:31:22,,,2.3.2
9657a2e8-4815-4199-bc79-3eb2b47c82ff,도장락,https://play-lh.googleusercontent.com/a/ACg8ocITUX0BG7fsamHsH4wxJUAPeiBI6HcypZMDAqGzCRTuIwkSoQ=mo,조아요,5,0,2.3.1,2024-04-28 23:55:53,,,2.3.1
0b9c70f4-c120-46cd-b04f-87c19aae7f5f,34 1 (‪얼은고래‬),https://play-lh.googleusercontent.com/a/ACg8ocLurLBCtTd8xARazqwNXmEdanSsX-xRown4yq6W2_l33lx9ag=mo,한판 해봤는데 광고가 적은 걸 넘어서 안 보입니다. 아마 힌트니 뭐니 하는 종류 볼 때 광고가 뜰 것 같긴 한데 힌트 없이 게임을 진행하는 경우 게임 시작부터 종료까지 하나의 광고도 뜨지 않았습니다. 가장 낮은 난이도 하나만 확인해봤는데 나중에 다른 난이도라던가 더 플레이하고 리뷰 수정하겠습니다.,5,12,2.3.2,2024-04-28 22:40:49,"(Google에서 번역)

안녕하세요!

Sudoku를 사용해 보시고 피드백을 공유해 주셔서 감사합니다! 게임을 즐기고 계시다니 기쁘네요!

잠시 시간을 내어 Sudoku를 사용해 보시고 앱에 익숙해지면 마음에 드는지 알려 주시기 바랍니다.

즐거운 하루 보내시기 바랍니다!

감사합니다,나디아",2024-04-29 18:59:51,2.3.2
54d6c99a-43c0-42ce-8dbd-d5deeed5b997,green tea,https://play-lh.googleusercontent.com/a/ACg8ocIOFkRmMYeoIz-jiG4JUvznmr7-I5lhs0sDT8coPB2KkOuKvw=mo,재미있어 광고 없어요,5,0,2.3.2,2024-04-28 14:46:05,,,2.3.2
d0693c2a-aceb-4bf0-9f40-be99dfb7b39e,강석원,https://play-lh.googleusercontent.com/a/ACg8ocLZuzm_XU7aSVk7dfU9WNDFpmV0KAbohTsJI2xGh0whh23iYQ=mo,난이도 적절하고 광고가 없어 좋음.,5,0,2.3.1,2024-04-27 07:06:09,,,2.3.1
a895c558-bbac-443b-b5ac-cb6ce5a90725,권현욱,https://play-lh.googleusercontent.com/a/ACg8ocKswogLvwVXZoZJSsoE2Uob2w4XILtK5L2Wo2bm7-2lqDnEeg=mo,굿굿,5,0,2.3.1,2024-04-24 22:11:32,,,2.3.1
c5b48aaf-db46-4a8f-a8b7-01acad89face,이귀염,https://play-lh.googleusercontent.com/a/ACg8ocLyYHBCGeJsYuAYTsCgqar-Aoo8w8oVtu_YlrUiMSKKa8cdHQ=mo,광고가없고 재밌어요,5,0,2.3.1,2024-04-24 18:41:08,,,2.3.1
b901735f-c442-46b1-81c0-2db1a6892333,김경실,https://play-lh.googleusercontent.com/a/ACg8ocJ5QnJsz1JqHTLMf2QrY8-OmNsZDoC_B8LvTEPnLxiv8oQzXA=mo,광고없어 너무좋아요,5,0,2.3.1,2024-04-22 19:28:26,,,2.3.1
7f182d18-8666-4b2f-ae33-c9f18c87af23,고상룡,https://play-lh.googleusercontent.com/a/ACg8ocIYM-vR8VY7Wvymm3X3cvxHDu9Kzl1G7beGwUVjA_l4CGy60g=mo,조아요,5,0,2.3.1,2024-04-22 07:14:40,,,2.3.1
6b1b21f7-68ca-498c-ba4a-59b39b231202,허지윤,https://play-lh.googleusercontent.com/a/ACg8ocJ_i5kPNiyVadzx9RL9VuizqSc58vW5XkfRSYxxhLg9IZbvbg=mo,광고없어서조아영,5,0,2.3.1,2024-04-21 00:45:48,,,2.3.1
58153adf-6d9a-462e-954b-9bf4494f9ba1,김희주,https://play-lh.googleusercontent.com/a/ACg8ocLlp_7kPvLUhYOJJfsR7_R6tJYHi3C28ndIyfjmc_kBVhxtWQ=mo,굳,5,1,2.3.1,2024-04-19 16:39:00,,,2.3.1
c7b04c5e-01a3-4f60-919d-20fbf4f3f9bc,가람,https://play-lh.googleusercontent.com/a-/ALV-UjVEsbUgPJjHF9v_mYM4sJ_suY6FQVXn3BkvQDBAIBUWnVBwIGDH,무광고 최고,5,0,2.3.1,2024-04-18 13:16:39,,,2.3.1
7d8c4745-ef24-45cc-9ea4-cc0c78fda619,JY Kim,https://play-lh.googleusercontent.com/a-/ALV-UjXJk2OucSVSAR1hdWD9LDROYI6d-eDC9AGZuU3wHydpg32nI9Ga,머리쓰기에 좋아요. 손가락이 큰 사람은 터치 실수가 꼭 나올 수 밖에 없어요. 거의 다 맞추고 마지막에 빈칸채우기 하다가 3번째 실수하면 화면이 갑자기 닫혀버려서 좀 짜증납니다. 몇초간이라도 틀린 화면을 보여주었으면 좋겠어요. 열판 하면 한판 정도는 터치 미스로 끝나요. (왜냐하면 한손으로 할때도 많아서 그때 터치 실수가 많습니다),5,15,2.3.1,2024-04-18 11:56:57,"(Google 번역)

안녕하세요!

귀하의 의견에 진심으로 감사드립니다!

우리는 항상 앱을 개선할 수 있는 방법을 찾고 있으며 여러분의 아이디어가 정말 흥미로워 보입니다.
귀하의 제안에 감사드리며 향후 업데이트를 조사할 수 있도록 개발자에게 전달하겠습니다.
즐거운 하루 보내시기 바랍니다!

감사합니다, 나디아",2024-04-22 17:45:05,2.3.1
db8a7245-3fc0-4903-b04d-5d115b85ed13,WG K.,https://play-lh.googleusercontent.com/a/ACg8ocJNcM7Cc-scSdw0hNBzNF_fhUFR5bnapbc1-lP6TniItavZYw=mo,"광고 거의 없고 쾌적하게 게임 가능합니다! 다만 손가락이 미끄러져 답을 잘못 누르는 경우도 있는데 칼같이 '실수'로 체크돼 3번 틀리면 너무 긴 광고를 2개씩 봐야 하는 게 흠입니다ㅜ 틀린 답 알려주지 않고 끝까지 가는 버전과, 지금처럼 틀린 답을 알려주는 어시스트 기능이 있되 추가 기회를 얻으려면 광고를 보게끔 하는 버전이 따로 있으면 좋겠어요. 어시스트 기능을 옵션으로 빼는 방식이 어떨까 합니다.",5,37,2.3.1,2024-04-18 08:01:31,,,2.3.1
7313ebe6-eafd-4d7f-946f-7eda4f16f31a,박상민,https://play-lh.googleusercontent.com/a/ACg8ocLDb-p7MgUw4JIwdoZmgdyTmCDJaeRdZME_mD8J9YHL5KgP3A=mo,광고 없어서 좋아요,5,0,2.3.1,2024-04-15 23:41:03,,,2.3.1
1fb250c9-04e0-4e42-a41a-8517ca696c9c,이필주,https://play-lh.googleusercontent.com/a/ACg8ocJ95KqlZG7sdLLfscrt5lHVpCJ_dIUygONOGnsyy49zFr1U7A=mo,15일 동안 하루에 2시간정도씩 해봤는데 이 게임에서만 데이터를 500M 소비한걸로 나오네요. 게임은 정말 잘만들었는데 좀 수상해요. 다들 설정 >연걸 >데이타사용 가서 함 확인해보세요.,3,2,2.3.1,2024-04-15 21:23:05,"(Google에서 번역)

안녕하세요, 이필주님!

저희 앱을 사용하시고 문의해주셔서 감사합니다!

앱에서 실행되는 광고는 로드되어 셀 데이터를 소비하게 됩니다. 특히 전체 화면 비디오의 경우 더욱 그렇습니다. 일반적으로 Wi-Fi 연결을 사용하는 것이 좋지만, 이것이 귀하에게 적합한 경우 인터넷 연결을 끄는 것도 또 다른 옵션입니다.

즐거운 하루 보내시기 바랍니다!

감사합니다,나디아",2024-04-22 22:51:57,2.3.1
23e0e086-c001-4129-bbdf-3c1aa569c3bc,미혜,https://play-lh.googleusercontent.com/a-/ALV-UjUh9ptBRXLIB1qPaVBXIEAzyzqajVMfbw9nQPx6BH5IkwUW2Opa,개재밌어요,5,0,2.3.1,2024-04-15 16:18:59,,,2.3.1
ff5a8628-7425-42cb-b9d0-4d59d7d82668,개굴개굴,https://play-lh.googleusercontent.com/a-/ALV-UjUJhvTaHbhsNq3jgK1FiSIkMVMecO7sjeyrqL7fA5JNubWAgptebA,깔끔 담백,5,0,2.3.1,2024-04-15 12:53:52,,,2.3.1
12d345cf-a154-4f34-ad5b-b6d05b2553ab,배성원,https://play-lh.googleusercontent.com/a/ACg8ocK1kKpzM3RlZnW-TV9L0QfXuCQEMQEXfIAQDgLcRayBplkTiA=mo,머리쓰며 시간보내기 좋으네요,5,0,2.3.1,2024-04-14 15:33:14,,,2.3.1
13139b9e-5cc2-4e0f-a11d-411205ffe9dc,zelia Han,https://play-lh.googleusercontent.com/a-/ALV-UjWLvTcwLgndVZ5wxyaCVjRSdW66NnxXgCmu_rAr86dESFFPGxI,광고도 없고 시간떼우기 좋아요,5,0,2.3.1,2024-04-13 20:53:17,,,2.3.1
804aac5d-f06e-4c74-9910-d23a2301c125,이승현,https://play-lh.googleusercontent.com/a/ACg8ocJa0-mHZ0e_v28z8FsP4qrNkS9y__DCdpKQ7AMIuc-xe7A0k6o=mo,뇌 훈련하는데 도움이 되는거 같아요 ~.^^,5,1,2.3.1,2024-04-13 14:58:16,,,2.3.1
d82fd739-8798-4461-828e-490a05a1086f,jinwon lee,https://play-lh.googleusercontent.com/a/ACg8ocLudnQI-meuWp3yr2Se4aTSZ1oj4oTtk1dGa12BUfX_ajBE3A=mo,좋아요 광고두없고,5,0,2.3.1,2024-04-11 11:03:33,,,2.3.1
95a69537-a01c-4e09-8ed9-02568a4d8c8d,여성Hwa,https://play-lh.googleusercontent.com/a/ACg8ocKOwqkm4e-gvURhDD3fcuJsRfrJQt0lAIzsCVpilenZrVKtTw=mo,광고1도없응니다 스트레스해소에 넘 좋아요 강추천 첨 리뷰달아요,5,0,2.3.1,2024-04-08 12:34:18,,,2.3.1
765139b5-ba02-4fe6-bf4f-1b30702bc02e,김보라,https://play-lh.googleusercontent.com/a/ACg8ocJjLPQEHKFVlIlAJUkA0PR-ObMZeFB6gNnGb9-v9F4wxNS4=mo,광고없어서 너무 좋아요 다른 스도쿠에 비해 전문가 난이도가 높은 점이 너무 좋습니다,5,0,2.3.1,2024-04-07 15:10:06,,,2.3.1
9a1a9f4d-296c-4151-b3e9-bd00549b6adc,JYBeauty이주연,https://play-lh.googleusercontent.com/a-/ALV-UjUcafYbdVxtM4toj2IMJNxd-oBZKHpwX9CsJpbLkY5hda6PbTjJ,많은 스도쿠 게임 깔아서 해봤는데 여기가 최고예요! 광고도 적고 좋습니다. 왕추천합니다!,5,0,2.3.1,2024-04-05 22:20:11,,,2.3.1
5004b091-2894-4c24-8840-e832656805d2,김정훈,https://play-lh.googleusercontent.com/a/ACg8ocKykppyyRYoIuxEMnsdeWT28N3yrguHB7t53Tkc8lMdcOLpeg=mo,시간가는줄모름,5,0,2.3.1,2024-04-05 18:15:34,,,2.3.1
a6fd88af-865a-4650-bcae-a904e1750429,트랙,https://play-lh.googleusercontent.com/a-/ALV-UjX24VzwJyhCjV6zhVNkRK5VpqhwmbwGGftrCY6k-7kA7pKqjas,무료굳굳,5,0,2.3.1,2024-04-05 07:15:12,,,2.3.1
fbb99c95-4d6e-417b-b69e-ea14ef4c116d,김성훈,https://play-lh.googleusercontent.com/a/ACg8ocJq01BKoDNsA5BYsXV77-pUFkY14fqwZpWZGqkE7BOLtev8lg=mo,너무 좋아요,5,0,2.3.1,2024-04-03 20:28:49,,,2.3.1
de37655a-97d7-459a-b749-8a793f879ed3,순주,https://play-lh.googleusercontent.com/a/ACg8ocLf51V42Y73cHqgEFF9yo5py4_wDLfC1nv-kCi5ghQFoxQLhQ=mo,오늘의 미션 이런 거 없어서 가볍고 좋음 클레식임 클레식!,5,0,2.3.1,2024-04-01 18:52:02,,,2.3.1
2fbb7fe4-c609-48db-8e87-dc5e4775ec12,리남쿡,https://play-lh.googleusercontent.com/a/ACg8ocJOS0_DtSWS4BfwDe6NLawZVuabHKxJtNvQuBPzjrTri0B-cg=mo,잘 만들어진 스도쿠 어플리케이션 입니다. 만족하면서 플레이 중 이에요.,5,0,2.3.1,2024-03-30 16:36:27,,,2.3.1
8569ec79-3a0e-4adc-895a-b113abd9ddf3,Syd Kim,https://play-lh.googleusercontent.com/a-/ALV-UjWsf3p7WE9vM9OCg8__5AwHerY3XKTfJE6x6-qjuUraljrWt0QX,가볍게 잘 돌아갑나다. 유저간 경쟁할 수 있는 모드도 있음 재밌을 듯,5,0,2.3.1,2024-03-29 15:50:50,,,2.3.1
e7e44ffd-97c7-42bc-8d7c-010ab35e35da,류순영,https://play-lh.googleusercontent.com/a/ACg8ocL3LOFU2hMJkFtUsi8vo2P6HKViQdOmPHkrCVwfyWVm3Di8Ng=mo,재미있는 게임,5,0,2.3.1,2024-03-28 21:47:19,,,2.3.1
e484138e-6702-4328-b234-03e370efa88c,황정경,https://play-lh.googleusercontent.com/a/ACg8ocIdtwfZadJc0-0_ywozfP4rT-hlcD4B5YAocmzZLsLpaxHWIQ=mo,광고가 없어서 좋음,5,0,2.3.1,2024-03-28 16:21:40,,,2.3.1
a976be14-52f2-4a4d-86cc-211b59644b54,이소윤,https://play-lh.googleusercontent.com/a/ACg8ocJtgJ8XFHHUd0DB8BH0eidcKxQ2OCKJE3uvBq28ecsxH8IZAA=mo,광고없음,5,0,2.3.1,2024-03-27 10:39:45,,,2.3.1
6971e305-5483-4047-a26b-7daede8ed2da,조명은,https://play-lh.googleusercontent.com/a/ACg8ocJ534s2vk7tjE6fS5e4wbmrE8SNw_Yo9E4QJn3beYvEEfXSRg=mo,광고가 없어서 좋아요,5,0,2.3.1,2024-03-26 11:49:27,,,2.3.1
87d98d4c-21a3-4d29-a81f-5d1a16187bd1,Gm J,https://play-lh.googleusercontent.com/a/ACg8ocLfaDL2NrFdjdzJ25kAfmDF0YpamDYgCodKP14-tUoDxKjzVVA=mo,개발자님 정말정말 감사합니다 스도쿠게임 중에 광고가 없어 게임 너무너무 잘하고 있습니다,5,0,2.3.1,2024-03-26 04:21:37,,,2.3.1
cc8326e8-cc47-40e4-8b3e-fca2d17fc5ec,아몬드,https://play-lh.googleusercontent.com/a-/ALV-UjVioF6xVRbRbz7y_b77ZxnanbxVC8UUulNUA8Wy8akUhtw1nos,광고없이 즐겜중! 감사해용,5,0,2.3.1,2024-03-25 23:22:33,,,2.3.1
f22a2b38-9cec-4c15-b80e-01db5914e411,에틔,https://play-lh.googleusercontent.com/a-/ALV-UjViHfGpyRAfiB85TIPj3plIyJ2YhCaL1tWqLaZYvZsXyL8dePbwew,좋았어요. 깔끔 이즈 베스트,5,0,2.3.1,2024-03-23 11:42:57,,,2.3.1
cb026cbc-00ae-4560-94ec-d18b840e29ee,Hwan Han,https://play-lh.googleusercontent.com/a/ACg8ocKPYuui2l6NQ7AkhqK4Pt2xrbWV0fCJAMeEB4aJ8s3G58oBFQ=mo,재밌네요,5,0,2.3.1,2024-03-22 18:59:53,,,2.3.1
750dfda1-86db-4bad-ad7f-9d9594286741,라군,https://play-lh.googleusercontent.com/a-/ALV-UjUgnET--NuR6SPx-sNqBZNWrW43MKbVVEBsczuUYfzanqA1Ivuz,이건 최고다,5,0,2.3.1,2024-03-19 21:49:42,,,2.3.1
e5ba8107-1847-4166-b2fd-b211c64c7ce3,이연지,https://play-lh.googleusercontent.com/a/ACg8ocKEXyamujZ9r-GSSMWUPzi8CWdP4ar15k6DnQaWPUHALftUIg=mo,좋아요,5,0,2.3.1,2024-03-18 07:00:05,,,2.3.1
a605ec0a-bd90-4621-9b64-dc7f6ea80088,이태현,https://play-lh.googleusercontent.com/a-/ALV-UjUUdLZXPIvtm1Zsl0z6aKRJS5eKsDueGbodkqkO5koJTO273v0,처음 해보는대. 광고없고 시간때우기 정말 좋아요~,5,1,2.2.5,2024-03-15 04:05:16,,,2.2.5
f213b047-5f35-4b70-8082-7dbd586e8580,이승인,https://play-lh.googleusercontent.com/a-/ALV-UjVX5BlCRr3sMUmSqApoveyIMaAPj90JDiA5wUTe5jnkP0L6mNU,화면은 좀 작지만 광고가 없어 마음에 듭니다.,5,2,2.2.5,2024-03-13 18:59:06,"(Google 번역)

안녕하세요!
좋은 말 해줘서 고마워. 우리는 당신이 우리 앱을 즐기고 있다는 소식을 듣고 기쁘게 생각합니다.

작은 화면에 관해서는 sudoku@digitalchemy.us로 문의해 스크린샷과 같은 자세한 내용을 공유해 주실 수 있나요? 아마도 이는 향후 업데이트를 통해 개선할 수 있는 부분일 것입니다.

좋은 하루 보내세요! - 나디아
​",2024-03-18 18:21:03,2.2.5
0c66f9ec-4614-4d7f-b392-48918a27fb8e,이봉기,https://play-lh.googleusercontent.com/a/ACg8ocLwVorBilGBANhtnBsgEfZZJ8vHBBZDoZ9j3y_YfUGlTHvD6w=mo,굿,5,0,2.2.5,2024-03-11 10:43:49,,,2.2.5
670c1acf-c2d2-459b-99d4-aee3f4dc4720,쿠쿠리,https://play-lh.googleusercontent.com/a-/ALV-UjVd4LAcimHzgg1dEqgkU5AW-HVxeytC2Mw1WX_oW-8P_-mEZLmG,광고가 없어서 좋아요.,5,0,2.2.5,2024-03-10 15:25:57,,,2.2.5
b27ec040-7077-4f32-9bfe-014c03090818,이경준,https://play-lh.googleusercontent.com/a-/ALV-UjUwpaHq0tO4v1bAkMV6GeDSF8NrW-BLeh8rmjwJLOvM6Uf15o9Z,깔끔하고 보기편함,5,0,2.2.5,2024-03-09 06:07:02,,,2.2.5
93452e0b-2e92-46d6-9e54-1fa20245193a,신미령,https://play-lh.googleusercontent.com/a/ACg8ocJz0ZU2O57yEKdBxDV_TgLlZEdvenyjMdjKkyEkM-dMw-opQg=mo,너무 좋아요!!!!!,5,0,2.2.5,2024-03-08 15:40:47,,,2.2.5
812f3b28-0deb-485e-86d2-d2cb6b5e4db8,권대호,https://play-lh.googleusercontent.com/a/ACg8ocLaRwBFSYymblFZR_f3ctwgShnJI0-n8CXYT6zyeux9FDxdfw=mo,광고도 없고 다양한 난이도 너무 재밌게 하고 있어요,5,1,2.2.5,2024-03-06 21:57:21,,,2.2.5
94bed913-6c2e-4ed3-aa32-8d0aacc2f565,정수근,https://play-lh.googleusercontent.com/a/ACg8ocKoGc3lE9ZRCd4iRENaIzk3a0HqJAS8U-LO193pBlROMR_aSw=mo,광고가 하단에 있어 눈에 덜 띄어 좋습니다.,5,0,2.2.4,2024-03-05 20:10:37,,,2.2.4
c75ec696-56ea-4b4a-8ed9-1a1925a06bdc,세은,https://play-lh.googleusercontent.com/a/ACg8ocKxz-cfE3a2yRQ_fQ6dp7HPoOQwRR7entyeLVRaQ2W9Xfurug=mo,광고없어서 굿,5,0,2.2.0,2024-03-01 14:34:56,,,2.2.0
e29e532e-bfba-417f-abd7-52c8699942bb,샤옌,https://play-lh.googleusercontent.com/a-/ALV-UjVQb5B2y5mtG6bWLXsOTVR-omdD_3ilUeoB6ewnjIQaBfwOlQ,최고!! 광고없는게 특히특히 좋아요!!,5,0,2.2.1,2024-02-29 02:19:41,,,2.2.1
b351edc6-7070-4be9-83ea-205b7c21ad6f,고은,https://play-lh.googleusercontent.com/a/ACg8ocIXToSfAFfvOXHaRVxnPw5t48MWWuknmWCPTqt4TgaBAep0VA=mo,재밌어요.광고 없어 너무 좋아요~^^,5,0,2.2.0,2024-02-28 19:02:31,,,2.2.0
0d21b9c1-795c-4828-b032-7b84b6d3af7d,수진이,https://play-lh.googleusercontent.com/a/ACg8ocKtYpuF_qvh7AhodM7N5tMTAyb7NFRA591UjHkC9ulge336mA=mo,광고없이 이런 재밌는 게임을 만들어주시다니 정말 훌륭합니다,5,0,2.2.0,2024-02-25 18:16:40,,,2.2.0
c4821314-0df1-46e1-b9b6-3bd6af88ce69,초타론,https://play-lh.googleusercontent.com/a/ACg8ocIasGdDZjRPm6ePvco5-BE5Mk3KZs9IsgE24YCujjn_ooyz=mo,광고 적고 난이도 좋고 아주 좋아요,5,0,2.2.0,2024-02-25 09:52:05,,,2.2.0
885d9b44-3cd2-4f47-8449-59f379752972,ᄆᄅ,https://play-lh.googleusercontent.com/a-/ALV-UjVLkn8nfdCnZVCcq-nGnu6wYDPX8HGwJLkdCNlD89Yvf332PtA,최고의 스도쿠 게임,5,0,2.2.0,2024-02-24 21:07:39,,,2.2.0
a8c22c05-0ae6-4315-9dfa-6f60e3481fe0,*봄날의햇살,https://play-lh.googleusercontent.com/a/ACg8ocIZt9eHTJ236sgYhpVp9DKXHnQebVp9NqMERZ3xz2BWW2JP1WE=mo,이것저것 해봤는데..이게최고네요~광고도부담없고 감사합니다,5,0,2.2.0,2024-02-23 18:01:45,,,2.2.0
4176e9ee-5080-4c70-8f82-8821a88528b2,vein wolf (Wolfvein),https://play-lh.googleusercontent.com/a-/ALV-UjVNyIxgD0wkVT1la8UDQRcz5i3s51yjpZa96DLa_a-Hy061Hag,광고없음,5,1,2.2.0,2024-02-23 12:05:04,,,2.2.0
55819f2a-878d-4aaa-bbd9-a5237a163a46,Hora Oh,https://play-lh.googleusercontent.com/a/ACg8ocKLX3diwyg90euTUEbVA_UQV2p9RvNddEyg72H91GCLdvYWRw=mo,Good,5,1,2.2.0,2024-02-23 11:20:08,,,2.2.0
6ec35df5-0cc4-400c-a08a-b650686102c7,장환준,https://play-lh.googleusercontent.com/a/ACg8ocIcWTkydYcW3YPiCCvG7xo4S1WM1T9ukIU24zoGjTlH7x4FFQ=mo,Good,5,1,2.2.0,2024-02-22 17:34:08,,,2.2.0
bbd1cefd-2170-447a-b1c0-21e5e698d89b,Wook,https://play-lh.googleusercontent.com/a-/ALV-UjU8ynU_d4uV-6Qfo8eZ7JOxskYM2vnHOHQEDojoWos8hnXJO3YZ,꿀잼! 미션이나 이런것도 차근차근 업데이트 되었으면 좋겠어요 ~,5,1,2.2.0,2024-02-19 13:06:04,,,2.2.0
8604d7e1-a250-4620-aa94-d1f388780585,최정훈,https://play-lh.googleusercontent.com/a/ACg8ocIolPywmrEIX-5qRhrYorQvldXyk9jOJtaHMfSz3yhG5Lekxw=mo,단계별로 스도쿠를 할수 있어서 좋지만 조금 심심한것 같다. 그리고 목숨이 3개뿐인게 너무한것 같다 ㅠ 그래도 good,4,0,2.2.0,2024-02-17 17:35:31,"(Google 번역)

안녕하세요 최정훈 님!

귀하의 의견에 진심으로 감사드립니다!

우리는 항상 앱을 개선할 수 있는 방법을 찾고 있습니다.
귀하의 제안에 감사드리며 향후 업데이트를 조사할 수 있도록 개발자에게 전달하겠습니다.
즐거운 하루 보내시기 바랍니다!

감사합니다, 나디아",2024-02-20 01:25:10,2.2.0
f75a3f1c-d05a-4b60-8ee7-d1ea93d6f80c,Rasi Sor,https://play-lh.googleusercontent.com/a-/ALV-UjUXnA0qPLqYH-KTpQX7OTVJFWeBOzoMn3G8TUJjU9i-3RluyWU,광고없어서 좋다,5,1,2.2.0,2024-02-17 13:49:22,,,2.2.0
cd6932d0-d452-4eed-9369-8a522f239ff7,김지영,https://play-lh.googleusercontent.com/a/ACg8ocIgp1NRVsbTwRiS8X1Gw0h4TG6HB45x2LeBe8QwwoibD5GFqQ=mo,광고가 없어서 좋아요~,5,1,2.2.0,2024-02-16 15:30:20,,,2.2.0
004cadd6-f619-43be-8276-93b16d6e366c,Chyun,https://play-lh.googleusercontent.com/a/ACg8ocIz6NLTQSkDSu_c9ms6Yfgh6PCEzR6Fx73s8SeXglUbQp3P-A=mo,중간에 광고없어서 좋아요,5,1,2.2.0,2024-02-15 22:26:27,,,2.2.0
b8f0f3e4-f462-4aca-b6c4-e3ca25057fbf,소나기,https://play-lh.googleusercontent.com/a/ACg8ocIlKLk9nB3tG1Rsqlh9jhezvEQP751oEeU8X_C7jEA-YqOKYA=mo,광고없어최고,5,1,2.2.1,2024-02-14 20:41:34,,,2.2.1
5b6b1679-6e89-435b-90ab-b6e07dcb9dc6,서원준,https://play-lh.googleusercontent.com/a/ACg8ocIWfGy9l3YZekLFtOiOKMJL0HMK2fNuKIzIKBh6jyzKJo6ZLA=mo,Good,5,1,2.2.0,2024-02-14 16:59:11,,,2.2.0
281ae3ad-56e2-41bf-8ea6-57f4dc18efdd,HH Lee,https://play-lh.googleusercontent.com/a-/ALV-UjVicSgk_LjpCHxyBx_wGBESIY6Jzfud3UVllWsaRzj3FWiVnH95,광고가 없다는 거 하나만으로도 별 100개 드리고 싶네요~,5,1,2.2.0,2024-02-13 22:31:53,,,2.2.0
6e0b8a44-c410-4885-88b6-ad5a8ce02e99,모랴,https://play-lh.googleusercontent.com/a-/ALV-UjWLVnercTPxVFHPdHobxhyDDGhPo5nI_VOEYabfsvjz0RhPLQ46,"스도쿠 게임 1,2위보다 광고가 더적고 막 나오지는 않아서 좋아요",5,1,2.2.0,2024-02-13 10:57:05,,,2.2.0
d7f2cf5b-bbef-4663-80ef-ef13a8571f38,홍학림,https://play-lh.googleusercontent.com/a/ACg8ocJYkbeBYj3D2pE9237E9Gs7ldEUGHfJktuNT6AIlMBRHFZoxw=mo,광고도 적당하고 수준별 구분도 잘 되어있다고 판단됨,5,1,,2024-02-13 05:59:06,,,
94d5f598-054e-4586-93ef-5fd2aa08a472,초,https://play-lh.googleusercontent.com/a-/ALV-UjXb_uNjPxHVe6lATsU6MpSd3rI69-p3epEmJd-twq0sca4dNhaa,굿,5,1,2.2.0,2024-02-12 20:05:03,,,2.2.0
bb7987b5-96e7-48ad-8347-5b2951c0dd86,Charles Jo,https://play-lh.googleusercontent.com/a-/ALV-UjW6LuJmB54ilt9su7nZzx_OsK_D1LNbX9opV1NaFlyXEfnkJf4gjQ,great,5,1,2.2.0,2024-02-10 23:58:15,,,2.2.0
fc761353-39bc-4c95-a37f-2a969e49e4af,이윤미,https://play-lh.googleusercontent.com/a/ACg8ocKw3y7iFBzEa3qkG_5p_bzw_Q0N2-7oXl9yoEOZgCZgTt3CVA=mo,게임을 끊는 광고가 없어서 좋아용~,5,1,2.2.0,2024-02-10 11:24:38,,,2.2.0
4d5ef33b-8913-42cb-84b4-ea99b61927a8,신현복,https://play-lh.googleusercontent.com/a-/ALV-UjVfoY6pVNLyfkQm6KYGHVVplglr2fJpt_Cmt3JSN3NAv8b6PTsI,좋아요,5,1,2.2.0,2024-02-07 19:27:18,,,2.2.0
ed7018d0-0557-4ad0-98bb-8cad5f21a430,무지개,https://play-lh.googleusercontent.com/a-/ALV-UjWyKnyQ1BUVQrbuP6jujCPPccmcqceyWbVhxpC0e8fn6Hjfkbh0,광고가 없어서 너무 좋아요,5,1,2.2.0,2024-02-07 07:47:26,,,2.2.0
b8bfb21e-97a3-40a4-81da-ebe7108a109a,u t,https://play-lh.googleusercontent.com/a/ACg8ocL51tes9S5Upxd-P8M0_HX-n37onq_ELPI73VwtQHnOhK_BZg=mo,재밋어요,5,1,2.2.0,2024-02-06 19:10:53,,,2.2.0
596e30b2-67d9-414d-bb95-5e5797f157ac,김경식,https://play-lh.googleusercontent.com/a/ACg8ocJoXGJdddM0tJ4xVZK57sErd1F3y-c5S2NU_b6ouVqNUDu-2g=mo,즐기는데 문제 없읍니다..좋아요.,5,0,2.2.0,2024-02-06 14:34:18,,,2.2.0
0d754f45-3ac9-4c3b-9ee0-31ea115141d7,Milli Hyun,https://play-lh.googleusercontent.com/a/ACg8ocIocPHrw8GtuBeMtXY14-avsGNqnkzvqVQh2oNToNZEmkg5F5Y=mo,광고 없어서 추천. 한글서체 좀 바른고딕체로 바꿔줬으면.,5,1,2.2.1,2024-02-06 13:55:18,"(Google에서 번역)

안녕, 밀리!

귀하의 의견을 공유해 주셔서 감사합니다! 사용자 피드백은 우리가 더 나아지는 데 도움이 됩니다. 귀하의 의견을 개발자에게 전달하여 고려하도록 하겠습니다.

감사합니다, 나디아",2024-02-08 05:57:23,2.2.1
0b562597-0b8e-41b8-b946-21eadfd8bed1,박홍규,https://play-lh.googleusercontent.com/a-/ALV-UjV73EjAEMcMppy0BGnrUM36zZHKLHEmqzAOB7HsgSlQf5VOAWhX,괜찮아요,5,1,2.2.1,2024-02-06 11:07:15,,,2.2.1
9878641f-0824-435d-b180-d283b45d955f,하늘이브구름,https://play-lh.googleusercontent.com/a-/ALV-UjWgzRgBmTW7QjSBd9l8kswEo__SMMWoLCJEA81IfHCHcn2hXDo,재밌음,5,1,2.2.0,2024-02-05 11:07:21,,,2.2.0
0cff6187-9f74-40ae-85de-1efca8572cc7,capeta,https://play-lh.googleusercontent.com/a/ACg8ocILEtDhFhpzHB3L-YbWOaJNJHR2XoY0StoSVQ6WfxhJoWAkaqk=mo,good,4,1,2.2.0,2024-02-04 21:27:56,"Hello!

Thank you for your nice comment!
If you really like our app, a 5-⭐rating would be the best reward for us, or if you have any suggestions, we are always happy to receive them! Feel free to contact us at 'sudoku@digitalchemy.us'.
Hope you are having a great day!

Best regards, Nadia",2024-02-05 19:49:49,2.2.0
d3abe4fa-447e-4530-8deb-df7aea447d3c,바람냄새 좋아like wind,https://play-lh.googleusercontent.com/a-/ALV-UjWlRnG90fGTHalZ2csTtqmC1k_NJB9-P3GMQi85jBleNsM5lciV,굿굿굿,5,1,2.2.0,2024-02-03 13:31:54,,,2.2.0
01580522-571f-47db-b7d1-f7631f5a5dbf,조은정,https://play-lh.googleusercontent.com/a/ACg8ocL_zw7U3m8JZgTuVp4PoNcunp15gyhfycy5vDaed13Sg8cung=mo,재밌습니다,5,1,2.2.0,2024-02-01 19:57:41,,,2.2.0
6e70d294-5b19-40da-a70f-7c9a701dc594,정경훈,https://play-lh.googleusercontent.com/a/ACg8ocLN7Z-b6-4vY0Pe3I6xmDvhJWv7pLuVVlY5V7ZLUVevCN5_7Q=mo,Bom..,5,1,2.2.0,2024-02-01 03:41:50,,,2.2.0
c3290916-e207-49b5-982d-13266c366640,임종수,https://play-lh.googleusercontent.com/a/ACg8ocJ2Ysq66nBvOfyZVf9__rw8UNt9Om-yMI56DeMzr_TkewzsgA=mo,좋습니다.감사합니다,5,1,2.2.0,2024-01-28 21:51:48,,,2.2.0
e966d2f6-60de-4613-8ec0-31796016a604,지옥에서 돌아온크림빵,https://play-lh.googleusercontent.com/a-/ALV-UjWI7SOPCmafEh3hhnZ_OG4tJgQRAscs1jVz3jg5DdPcZsSGRedKLA,스도쿠앱은 이게 최고,5,1,2.2.0,2024-01-28 11:58:25,,,2.2.0
225c0710-d665-40fd-9af2-3a5f95580f43,허순남,https://play-lh.googleusercontent.com/a/ACg8ocI1BauOB-BNTF_2bvFR0TQYzegWX1obImL915LOxJYHHmjScQ=mo,광고도 없고 재밌어요,5,1,2.2.0,2024-01-26 03:04:11,,,2.2.0
34f33723-15fc-4a92-8c1a-78027e85dc32,Mgsson Sson,https://play-lh.googleusercontent.com/a-/ALV-UjVJd0_0tPsafwijwcCAhn8YYcna8HodN_yUm7HRdUopRzrrxP4,아주 재밌어요..,5,0,2.2.0,2024-01-24 18:03:46,,,2.2.0
61400da0-e9d4-4768-ba96-6b217ea9542e,너무덥다,https://play-lh.googleusercontent.com/a-/ALV-UjWle7sDvlZrJZLoZ1Bj1YI0QZh0QwmYgEQhbYZuE5DrEAK1nXYc,스도쿠 앱 중에서 그나마 광고가 적고 깔끔해서 좋다.,5,1,2.2.0,2024-01-24 13:39:24,,,2.2.0
2d0f7b15-f73b-4b1c-828b-c262a218cdac,Heysun Jin,https://play-lh.googleusercontent.com/a/ACg8ocIwKC4lbrWO1184DmHD23LBcJWWBPnz0YLJ_BkmChqD5QfU-Q=mo,광고없이 편하게 게임해요,5,1,2.2.0,2024-01-23 22:14:23,,,2.2.0
5326667a-b9d5-470b-bf83-060494bd76f0,신대관,https://play-lh.googleusercontent.com/a/ACg8ocIRBJnUEW6mAVhYRWQK3sGGTfK5XVj5KtaN9E_0wkpbVy4lZg=mo,재밌어요,5,1,2.2.0,2024-01-21 12:15:18,,,2.2.0
f23a6d9a-57ee-4762-8229-a97b6e7b70ad,러뷰,https://play-lh.googleusercontent.com/a/ACg8ocI9DwIjCCeC2FbKApI2MNPXFyW1PRtd8zUQsUJUMVe8YHx6Pg=mo,잼나여,5,2,2.2.0,2024-01-15 17:00:31,,,2.2.0
e1278fc8-08e2-4798-a615-58ec263fc5c0,이창현,https://play-lh.googleusercontent.com/a/ACg8ocKtV6zeoirVjOBHXdxmsR-SOuamrHkYdhIYAGdcTe6irHsXmQ=mo,재미있어요~해보셔요들^^,5,0,2.2.0,2024-01-15 15:31:57,,,2.2.0
6688bc94-1e06-4d2f-a88e-eb2ea263cbac,안지섭,https://play-lh.googleusercontent.com/a-/ALV-UjXBNFaJY2rrlyvyrKq9wir6uyQQd70YlaLhA6DqNHm_5494Q_Yv,깔끔한 화면구성에 광고도 없네요. 이런 앱은 널리 알려야해요. 추천합니다,5,1,2.2.0,2024-01-15 12:02:44,,,2.2.0
8b9108a5-dbfc-483e-9858-128e3092b841,박홀로,https://play-lh.googleusercontent.com/a/ACg8ocJVvL8cW-_u4IHGK6vz5Y1Cq54djJc870l8n_2_AabNIb8cVQ=mo,직관적 단순함 좋아요,5,1,2.2.0,2024-01-14 12:20:05,,,2.2.0
4d2e5b9f-6ce2-4730-9025-28eb1244243a,정현성,https://play-lh.googleusercontent.com/a-/ALV-UjVtjDF5zWkW8vJNBDV1JO_x5LHr5WZGi6dGn-aqDQa6Qk8E0gNS9Q,광고 없고 심플해서 너무 좋아요,5,1,2.2.0,2024-01-14 03:02:18,,,2.2.0
adb525c2-5e9f-4bb7-a8b0-7db12c6a0b4f,Wonjun Yang,https://play-lh.googleusercontent.com/a/ACg8ocJxBetWb-cUt0gXc5w6KS4xzwHmvlyjihdPGGoLz8T9yc4h3g=mo,게임이라기 보다는 신중하게 생각하는 바둑같다. 또한 승부욕을 자극해 한번 시작하면 헤어나기 힘든단점도 있긴하다,5,1,2.2.0,2024-01-13 22:13:58,"(Google 번역)

안녕하세요, 원준님!

귀하의 피드백과 지원에 진심으로 감사드립니다.

게임이 매우 경쟁적이라고 말씀하셨습니다. 스도쿠에 대해 좀 더 캐주얼한 접근 방식을 고려해 보시겠습니까? 여기로 알려주시거나sudoku@digitalchemy.us로 문의해 주세요.

감사합니다, 나디아",2024-01-15 19:01:39,2.2.0
a1a72b25-30ba-477b-a510-70e3bdbe015c,휘바,https://play-lh.googleusercontent.com/a-/ALV-UjXMnMaElRy7k9BjbUcgMvubLFWHHD6o-5-VSScrpA4M-KEakSM,좋아요,5,1,2.2.0,2024-01-13 07:08:50,,,2.2.0
0c9469ff-2c9c-4e00-bc9e-f7040b61a631,남성조상현,https://play-lh.googleusercontent.com/a/ACg8ocLODIum7VJulX0u3n4g-X2UqtWV2j1evMhS4aoAwUtT5v7-VQ=mo,시간 잘가요,5,1,2.2.0,2024-01-12 22:59:50,,,2.2.0
a6684fa1-adc5-4d49-9c61-3103b88945f1,TW Kim,https://play-lh.googleusercontent.com/a/ACg8ocIwXi-4OP2wAHlUUtTh3hOApcuNGi47ue2wRiLZpSiG1vKEFQ=mo,Good,5,1,2.2.0,2024-01-12 09:58:14,,,2.2.0
f60e9760-321c-402b-8c61-b7eae5560fbe,DDYY Lee,https://play-lh.googleusercontent.com/a-/ALV-UjWj8z6LliXn_YUhbkGI4U0y3UDQgDbSDMhw0peyXOCWguWqVLi5,광고없어 좋아요,5,1,2.2.0,2024-01-11 16:10:20,,,2.2.0
26ffe048-5b58-441b-b157-e749879e32e6,조희영 (휴머니즘),https://play-lh.googleusercontent.com/a/ACg8ocLHB_HGCC8SRuhtPtKLfR-5vhf0zvPZNEp-vVT9AIxRAgjbOA=mo,두뇌활동에 좋아요,5,1,2.2.0,2024-01-10 18:55:19,,,2.2.0
09718668-f0c8-479a-9fe8-b32ba84c32d2,Chris Wang,https://play-lh.googleusercontent.com/a/ACg8ocIfdaDpEahv-rbwWxCAshPLN8A8oHDvmNyJIvcC9RKFujrCeg=mo,재미 있습니다,5,0,2.2.0,2024-01-07 22:09:08,,,2.2.0
ec63d71f-7eb8-4467-ad93-64ef345b169d,신YS,https://play-lh.googleusercontent.com/a/ACg8ocK6mYdCpyMFbnbHpqwA-7-xktpPu-1mY1PVwN68uTKmTH_6zw=mo,깔끔하고 하기 너무 편합니다.,5,2,2.2.0,2024-01-06 17:06:30,,,2.2.0
040f712b-c255-467f-ac5b-90f0d8c25762,청주참빛교회,https://play-lh.googleusercontent.com/a/ACg8ocKuuPiACU-AlBwVzWw0jFr3M_QOpnQRVfp0S8SoUXctwr1uTQ=mo,지루하지 않아서 좋아요,5,0,2.2.0,2024-01-05 01:46:54,,,2.2.0
35b42482-855b-4b96-a262-c5d4d0430007,박보근,https://play-lh.googleusercontent.com/a-/ALV-UjX0hucWpkSBUkLlGuaulC2Pjn9QM-c_UqnUWmJbU_2d9fizaxA,광고업어서 좋아요,5,2,2.2.0,2024-01-04 15:02:11,,,2.2.0
284c3f24-ba1a-4d04-9b7e-3ac042ac3ee5,박현우,https://play-lh.googleusercontent.com/a/ACg8ocLP6yGzOZoi2Q6dciioSgfquHUaU7muWnoYx3Xhf6Q6HZUCWA=mo,중간에 끊고 들어오는 광고 없음. 편의기능 제공도 높음. 덕분에 실력 향상이 가능했음.,5,2,2.2.0,2024-01-04 14:23:39,,,2.2.0
3ede0b39-5af8-4d61-ae00-480a7c62ee56,김수연,https://play-lh.googleusercontent.com/a/ACg8ocLfWjgpaNzdEr2b7t4bYXAO7adVsDGWR8RvmlLVGp4Vt6Zz_w=mo,광고 없어서 좋습니다.,5,2,2.2.0,2024-01-04 02:14:30,,,2.2.0
cf100f60-30de-43a8-9f46-8e8e056ad9a8,스톰,https://play-lh.googleusercontent.com/a/ACg8ocLQHv3FBlBBSe-c9MKAYKi9DV0adILE8-f3_kmIE9wFTx4j8w=mo,좋아요,5,0,2.2.0,2024-01-03 20:02:27,,,2.2.0
51de637a-5495-4be0-be02-0c0996129739,장선희,https://play-lh.googleusercontent.com/a/ACg8ocKhZqvmvurOwV7HGHbIghe0mOKGFDmzlqxw0s05o-RxoEfJ_w=mo,재미나요,5,1,2.2.0,2024-01-03 01:07:29,,,2.2.0
8fcb4505-a74e-4308-95a9-5c5df414327a,최명희,https://play-lh.googleusercontent.com/a/ACg8ocJWNsO7YTxqYHYCJ1n2wxU5JYUtNNmel3C1plp3iJ3zfM4J=mo,재미있어요!!!,5,1,2.2.0,2024-01-01 20:44:53,,,2.2.0
6c8816ec-c713-431e-9a18-21b4024025c3,숑기백,https://play-lh.googleusercontent.com/a/ACg8ocL7X0PvU9_TbXSrgtXI00OLSXHIVWor1RIGN0o4m4WwWcXp-Q=mo,무료게임에 너무 잼나요,5,1,2.2.0,2023-12-31 09:00:57,,,2.2.0
c76d7da0-fba3-4a8b-a2c7-085ef4eb15f6,이선진,https://play-lh.googleusercontent.com/a-/ALV-UjVpFTBwaPNPMGEs-vJcOiR3CEES9hJDNMUwn_d9p7xnwZ7GcU5o,재밌음,5,1,2.2.0,2023-12-30 16:47:59,,,2.2.0
8284e153-765d-4968-a92f-c947e1846765,랑카위,https://play-lh.googleusercontent.com/a/ACg8ocKfdLuopO5rktNRavCZRBqEwy0S-0IpfnhRvXipjFwcuRU2DQ=mo,좋네요,5,1,2.2.0,2023-12-25 16:01:17,,,2.2.0
ffaaad05-7f12-4113-99f0-856d2aa325af,박창석,https://play-lh.googleusercontent.com/a/ACg8ocK9r4UG9BhlmMkTTX9xj5lvM8Bn3oPelnLdB2xSVT6oTQz90g=mo,광고없어서 굿,5,1,2.2.0,2023-12-24 15:04:39,,,2.2.0
09875fe2-60c0-420c-8af4-dc60049ba22b,김광수,https://play-lh.googleusercontent.com/a/ACg8ocJ_7EBDeRPVture2lGTE683RbpXZULaqi_8HweC1ig_nLxJ5Q=mo,어려움레벨이 별로안 어려워요,5,2,2.2.0,2023-12-21 06:36:02,,,2.2.0
62b11a0a-d7d8-4faa-95c3-935e4626e7c0,권은아,https://play-lh.googleusercontent.com/a/ACg8ocJaN2FjkKuEodCwg4Wxu8Zk-0xByAF34Raab9D4NM7rJLukgg=mo,광고 없이 굿^^,5,2,2.2.0,2023-12-16 16:32:55,,,2.2.0
57803fca-d575-42ea-a3d9-bd392f3e9ceb,김지연,https://play-lh.googleusercontent.com/a/ACg8ocIyCYi7nPOeK2XvkrGhmAC4FX9pHMfajIfBN3VOTNytarxryQ=mo,광고안나와서 최고로 좋음,5,2,2.2.0,2023-12-16 08:52:13,,,2.2.0
71cac52d-681d-45a4-a658-6ad18601d5f4,이영경,https://play-lh.googleusercontent.com/a/ACg8ocKlmbPX3lDT1IUJDb3R9Pg2ViRHwDbETW3HlApd3TB4OWyPzw=mo,재밌어요!,5,1,2.2.0,2023-12-15 16:29:43,,,2.2.0
ff0db2c6-ee35-42cb-814a-c5205a298769,박재상 (바람잠잠),https://play-lh.googleusercontent.com/a-/ALV-UjUEHq_hW75wRdc0h68UcDwqpK8ucSlM3lHSWwPzaB2eDr5htO35,Good,5,1,2.2.0,2023-12-14 20:35:05,,,2.2.0
06aea48a-2bf3-4c8c-9a69-614984c56a35,김킴,https://play-lh.googleusercontent.com/a-/ALV-UjXTfGRnZscKUn9Omk-68Ma_BSBIVqYTZZ0o9RgfYHEg59qrbSVP,최고,5,1,2.2.0,2023-12-13 08:05:53,,,2.2.0
94ad15a5-8bec-43ae-8986-15cd6bb8ba09,Jong-Chul Kimm,https://play-lh.googleusercontent.com/a/ACg8ocIbDkROMS6p6lqlComycIjj4RGEZ1cDTfSDv3ZwMvHpwozguQ=mo,광고없이 진행 가능 너무 좋아요.. 3번 틀리면 1회 기회제공 목적 광고 있지만.. 그건 좋아요.. 좋은 어플 감사합니다.,5,7,2.2.0,2023-12-13 01:44:01,,,2.2.0
a5b12af9-6951-40b4-84ba-daf6d5297263,곽경래,https://play-lh.googleusercontent.com/a/ACg8ocJAtqQGPg-4noaMS3RgE0ZKyKsRF5ypdeMlixRxyRxGQbzVEQ=mo,재미있네요~,5,1,2.2.0,2023-12-12 19:19:37,,,2.2.0
773acdab-99f6-4017-9ac9-037ec62da75e,고선희,https://play-lh.googleusercontent.com/a/ACg8ocI_Ov12pIqWIBmYCkrdsYJfHyyFVSRb5ZyduS2_w5avWXYCMw=mo,시간때우기딱!!!!,5,1,2.2.0,2023-12-12 12:11:36,,,2.2.0
c7fbbe79-7ae8-4d67-8ad4-2438eba5a0a6,김기태,https://play-lh.googleusercontent.com/a/ACg8ocLLIx895ZKGrN7HFfG6frDamjMdAzEIGlY2IW8OeA2b11vubA=mo,시간보내기로 최고요,5,1,2.2.0,2023-12-12 08:04:32,,,2.2.0
2abd061c-36b4-4647-8628-f3f91f3051f5,이중구,https://play-lh.googleusercontent.com/a/ACg8ocJkWA3_BYpTwiFmPpNKy5yL20TOwhwZHqFlDyRaFupSH3a3iw=mo,최고입니다.~~^^,5,1,2.2.0,2023-12-12 05:55:33,,,2.2.0
151c3f91-affd-4812-99fc-4876766f8279,조지혜,https://play-lh.googleusercontent.com/a/ACg8ocLZ8WwCncxMOBQW6yPHTinBTctuCDGQEN_9e7eNpQAC-3erEg=mo,굿굿,5,1,2.2.0,2023-12-09 16:33:58,,,2.2.0
9e488acd-a6b1-477a-8ef1-2b6de667ebd6,Stop It,https://play-lh.googleusercontent.com/a/ACg8ocLhEZhHSFpsRe-hLuOEnBiE_iGcXAfZk0ZDbO339Njh01NFJw=mo,광고가 없어요. 그것만으로도 매우 훌륭합니다. 게임 시작 전에 유저들이 완료하는 비율이나 평균 시간을 알려주는 센스까지 겸비한 게임입니다. ㅎㅎ,5,5,2.2.0,2023-12-09 00:08:17,,,2.2.0
bc48bfe0-c2b1-453f-9efc-10a9b2fdcc1f,Eunsook Kim,https://play-lh.googleusercontent.com/a/ACg8ocK98Kfm-pE1btwvvc8KZGje4osDlFKGrdF9TkVDEUtHoytqlA=mo,광고가 없어서 좋아요,5,2,2.2.0,2023-12-06 08:50:13,,,2.2.0
64241a40-0fdb-4e37-a46f-3237bcae7377,안종근,https://play-lh.googleusercontent.com/a-/ALV-UjUktKzxs2jyws3J9_GqMj7OG8JDTPSMnpfuzF7D3-2Sv04lDOhg,번호 선택 3회 실패로 게임 종료 시 실패화면을 보여주며 적색글로 표시 해 주면 좋겠어요.,5,2,2.2.0,2023-12-06 02:05:35,"(Google 번역)

안녕하세요, 안종근님!

귀하의 의견에 진심으로 감사드립니다!
우리는 항상 앱을 개선할 방법을 찾고 있으며 귀하의 아이디어가 정말 흥미로워 보입니다.
귀하의 제안에 감사드리며 향후 업데이트를 조사할 수 있도록 개발자에게 전달하겠습니다.
즐거운 하루 보내시기 바랍니다!

감사합니다,나디아",2023-12-11 18:41:09,2.2.0
f2be43e5-651d-4c53-9e41-366e0b8e22d8,윤재섭,https://play-lh.googleusercontent.com/a/ACg8ocKNrDmBCze_Bvx058HRJImAVy3508u2iZoBxQKBc71NXBZuaw=mo,재미와 함께 두뇌 회전운동에 아주 최적입니다.,5,2,2.2.0,2023-12-05 09:10:35,,,2.2.0
aa1f67cf-6ac2-4ed9-b711-76049318b627,세상호강,https://play-lh.googleusercontent.com/a/ACg8ocLnPlFScT3J_0hJqCRYVGTQ3jCZjlxU2BdiupLSA_32aFBUyw=mo,광고 없어서 정말 좋아요,5,2,2.2.0,2023-12-04 13:26:08,,,2.2.0
00437bc7-7328-47cc-95b2-3e361db544f5,SJ Y,https://play-lh.googleusercontent.com/a-/ALV-UjUIRXNYyRTGIn8Q6w3lROW0U97wgPdY6CmHJ6gKHCRc6UzB-nvn,깔끔한 앱,5,1,2.2.0,2023-12-04 10:47:25,,,2.2.0
932e2a9d-8dd9-4991-aca6-6ff2498b90d4,M.K. Park,https://play-lh.googleusercontent.com/a-/ALV-UjW_CyTAtfLB98AA49l04lCAV9aUyXPvNr0Z-sdow88bL8o3zoEG,아주 좋은 모범 게임 입니다. 많은 친구들에게 권했습니다. 지금도 스도쿠 생각이 나서 이 앱을 열었습니다! 바로 설치하시고 즐거운 시간 갖이시면 만족하실 것으로 믿습니다!,5,2,2.2.0,2023-12-03 10:53:06,,,2.2.0
c0ef3eff-8ffb-4253-8cbf-5059514514d9,박효정,https://play-lh.googleusercontent.com/a/ACg8ocJkWUdzzuLhVQG81R3r2OAWcf1r40W5bL0GL6gS8axdn3Dp-A=mo,진짜 광고가 없는 게임,5,2,2.2.0,2023-12-02 17:12:12,,,2.2.0
21a69f82-5895-46e9-91fc-244d7d988fe7,임오년,https://play-lh.googleusercontent.com/a/ACg8ocL-fI4LPu26SQFB6uwBQikTBCzoVGR9hsWmJDpZc4K1M7tcYw=mo,광고 없어 좋아요,5,1,,2023-12-01 19:32:36,,,
e1d981b5-6841-4911-a351-5da5676f9b63,야구파,https://play-lh.googleusercontent.com/a-/ALV-UjUer6R9NCciqOSZPpr-uLESNr73NxrBAnYl4qWqPbmnA54h3xOS,좋아요,5,1,2.1.1,2023-12-01 01:49:53,,,2.1.1
2076efcf-6302-4d69-a024-2923d880dd9f,동건따위,https://play-lh.googleusercontent.com/a/ACg8ocKI1krWn3o1hTEJAiUBjmCdYH7ZjfsgSwUcFdWO9GfH-WSXGw=mo,광고가 없어서 좋아요,5,2,2.1.1,2023-11-30 22:10:04,,,2.1.1
3dfee9fb-abc9-4011-bab5-57a4c1c644e2,솜이,https://play-lh.googleusercontent.com/a-/ALV-UjUsZ9YH2WJcVL3NRfEco4f3nj56dGQoSWn9lz9AWFkfmAE9wGo,광고없고 좋아요,5,2,2.1.1,2023-11-29 15:57:09,,,2.1.1
